codigo_estacao,data,hora,temp_inst,temp_max,temp_min,umid_inst,umid_max,umid_min,pto_orvalho_inst,pto_orvalho_max,pto_orvalho_min,pressao,pressao_max,pressao_min,vento_direcao,vento_vel, vento_rajada,radiacao,precipitacao
A001,01/01/2018,22,19.9,21.5,19.7,83,83,72,17.0,17.9,15.4,884.9,885.3,884.4,2.7,17,6.4,78.44,0.0
A001,01/01/2018,03,21.2,21.3,20.5,81,85,81,17.9,18.2,17.8,888.1,888.6,888.1,1.5,120,2.8,-3.27,0.0
A001,01/01/2018,21,21.5,22.4,21.5,80,84,76,18.0,19.0,17.9,884.4,884.7,884.3,3.2,13,5.4,165.5,0.0
A001,01/01/2018,23,19.4,20.1,19.4,86,87,83,17.0,17.7,17.0,885.6,885.6,884.9,4.1,352,6.3,-3.28,0.0
A001,01/01/2018,16,24.6,25.2,21.7,69,88,59,18.6,20.1,16.6,886.9,888.0,886.8,2.0,120,4.3,1633.,2.6
A001,01/01/2018,20,22.3,22.5,21.3,79,85,73,18.4,19.0,17.4,884.4,884.4,884.1,1.5,104,3.0,417.7,0.0
A001,01/01/2018,11,22.7,22.7,20.5,79,92,78,18.8,20.2,18.5,888.3,888.3,887.9,0.7,151,2.1,809.9,0.0
A001,01/01/2018,12,23.4,23.9,22.6,76,80,74,18.9,19.7,18.5,888.9,888.9,888.3,0.8,180,1.8,953.8,0.0
A001,01/01/2018,01,21.8,21.9,21.5,79,83,78,17.9,18.5,17.9,888.2,888.3,887.8,1.3,135,2.8,-3.14,0.0
A001,01/01/2018,13,24.2,24.7,23.5,69,78,67,18.1,19.4,17.7,889.0,889.0,888.9,1.3,228,3.5,1316.,0.0
A001,01/01/2018,07,20.1,20.1,19.8,91,91,89,18.5,18.5,18.0,886.5,886.6,886.2,0.4,93,1.2,-3.44,0.0
A001,01/01/2018,14,25.6,26.3,24.1,61,69,59,17.4,19.3,17.2,888.4,889.0,888.4,1.8,160,4.1,2859.,0.2
A001,01/01/2018,15,22.5,26.0,22.5,83,83,57,19.5,19.5,16.6,888.0,888.5,888.0,1.7,326,5.0,824.0,2.6
A001,01/01/2018,00,21.8,21.8,21.6,79,81,78,18.0,18.2,17.7,887.8,887.8,887.1,1.6,117,4.0,-3.22,0.0
A001,01/01/2018,10,20.5,20.5,19.6,92,93,92,19.2,19.2,18.3,887.9,887.9,887.5,0.2,308,1.3,146.3,0.0
A001,01/01/2018,04,20.9,21.2,20.7,81,84,81,17.4,18.2,17.4,887.4,888.1,887.4,1.2,133,2.8,-3.53,0.0
A001,01/01/2018,19,21.3,21.3,20.7,86,88,82,18.8,19.1,18.1,884.2,885.1,884.2,1.6,131,3.8,373.0,2.2
A001,01/01/2018,05,20.5,20.9,19.9,87,88,81,18.1,18.2,17.3,886.4,887.4,886.4,0.9,134,2.0,-3.54,0.0
A001,01/01/2018,18,20.9,22.1,20.3,85,87,80,18.2,19.2,17.5,885.1,886.0,885.1,1.5,138,6.0,446.7,5.0
A001,01/01/2018,06,20.0,20.6,19.9,90,90,86,18.2,18.3,17.8,886.3,886.4,886.1,0.6,127,1.5,-3.21,0.0
A001,01/01/2018,17,22.2,24.5,22.2,82,82,69,18.9,19.9,18.0,886.0,886.9,886.0,1.4,100,6.3,1016.,3.6
A001,01/01/2018,08,20.0,20.4,19.7,91,91,89,18.5,18.6,18.1,886.8,886.8,886.5,1.4,83,1.9,-3.02,0.0
A001,01/01/2018,02,20.8,21.8,20.8,83,83,78,17.8,18.1,17.7,888.5,888.5,888.2,0.4,131,2.1,-3.49,0.0
A001,01/01/2018,09,19.6,20.2,19.6,92,92,90,18.3,18.7,18.3,887.5,887.5,886.8,0.5,335,2.3,-0.62,0.0
A001,02/01/2018,05,19.1,19.6,19.1,92,92,90,17.8,18.3,17.7,885.4,885.9,885.4,0.6,227,2.9,-2.54,0.0
A001,02/01/2018,03,19.5,19.5,19.2,92,92,91,18.1,18.1,17.8,886.3,886.6,886.3,0.5,6,1.9,-2.72,0.0
A001,02/01/2018,04,19.6,19.8,19.3,90,92,89,17.8,18.3,17.6,885.9,886.3,885.9,0.9,41,2.6,-2.71,0.2
A001,02/01/2018,06,18.7,19.2,18.6,93,93,92,17.5,17.8,17.4,884.9,885.4,884.9,0.7,156,1.7,-3.34,0.0
A001,02/01/2018,07,18.6,18.8,18.5,91,93,91,17.2,17.5,17.2,884.6,884.9,884.6,1.2,160,2.5,-3.50,0.0
A001,02/01/2018,08,18.1,18.7,18.1,91,91,90,16.6,17.2,16.5,884.6,884.6,884.2,1.0,48,3.0,-3.54,0.0
A001,02/01/2018,09,18.3,18.3,17.9,94,94,91,17.3,17.3,16.5,885.2,885.2,884.6,2.0,354,3.5,-0.01,0.0
A001,02/01/2018,10,19.5,19.5,18.3,94,94,94,18.4,18.4,17.3,885.7,885.7,885.2,1.1,299,3.8,300.8,0.0
A001,02/01/2018,11,22.5,22.5,19.5,77,94,76,18.3,19.5,17.7,886.3,886.3,885.6,0.9,296,2.2,1065.,0.0
A001,02/01/2018,12,25.0,25.1,22.4,62,78,60,17.2,18.8,16.6,886.8,886.8,886.3,1.7,237,3.2,1510.,0.0
A001,02/01/2018,13,25.9,25.9,24.4,58,66,57,16.9,18.6,16.2,886.6,886.9,886.6,1.8,216,4.8,2029.,0.0
A001,02/01/2018,14,26.5,27.0,25.2,53,59,52,16.2,17.3,15.5,885.9,886.6,885.9,2.0,234,4.2,2773.,0.2
A001,02/01/2018,15,23.9,27.3,23.9,65,67,51,17.0,18.3,15.5,885.3,885.9,885.2,3.8,20,6.9,2000.,0.0
A001,02/01/2018,16,24.5,24.5,23.2,69,73,65,18.4,18.6,17.0,884.5,885.3,884.5,2.7,56,6.9,1459.,0.0
A001,02/01/2018,17,21.8,26.8,21.8,76,76,57,17.3,19.3,16.7,884.2,884.5,883.6,4.6,289,8.0,2960.,0.0
A001,02/01/2018,00,19.5,19.5,19.0,88,88,86,17.4,17.4,17.0,886.1,886.3,885.6,1.7,204,6.1,-3.23,0.0
A001,02/01/2018,02,19.2,19.5,19.0,92,92,90,17.8,18.0,17.4,886.5,886.6,886.3,0.8,350,1.9,-2.83,0.0
A001,02/01/2018,01,19.0,19.6,19.0,90,90,87,17.4,17.6,17.2,886.3,886.3,886.0,1.3,297,2.9,-3.43,0.2
A001,04/01/2018,20,25.9,26.7,25.5,55,58,51,16.1,16.8,15.1,884.4,884.4,884.1,2.9,296,7.0,1254.,0.0
A001,04/01/2018,18,25.9,////,////,54,////,////,15.8,////,////,885.1,////,////,3.7,305,////,545.5,0.0
A001,04/01/2018,21,24.6,25.9,24.6,60,60,55,16.2,16.6,15.8,884.9,884.9,884.4,2.7,327,7.0,363.3,0.0
A001,04/01/2018,22,22.6,24.6,22.6,72,72,60,17.3,17.3,16.2,885.4,885.4,884.9,2.2,4,5.3,48.63,0.0
A001,04/01/2018,23,22.2,22.6,22.2,75,75,72,17.5,17.6,17.3,886.3,886.3,885.4,2.2,360,3.7,-3.54,0.0
A001,04/01/2018,19,26.7,27.2,25.2,51,57,49,15.7,16.9,15.3,884.3,885.1,884.2,2.9,294,7.8,2199.,0.0
A001,04/01/2018,17,26.0,////,////,53,////,////,15.8,////,////,885.2,////,////,////,////,////,177.5,0.0
A001,05/01/2018,14,22.9,23.9,21.3,75,83,69,18.3,19.0,17.1,888.2,888.4,888.2,3.3,8,7.6,1565.,0.2
A001,05/01/2018,03,20.8,21.1,20.8,80,80,78,17.1,17.2,16.9,887.9,888.1,887.9,2.6,335,5.3,-3.16,0.0
A001,05/01/2018,11,22.0,22.5,20.3,78,92,78,17.9,19.2,17.9,888.1,888.1,887.6,1.7,325,4.0,1023.,0.0
A001,05/01/2018,04,19.9,20.8,19.9,87,87,80,17.6,17.6,17.2,887.6,887.9,887.6,1.2,323,5.3,-3.53,0.0
A001,05/01/2018,05,19.8,19.9,19.7,91,91,87,18.3,18.3,17.6,887.1,887.6,887.1,0.3,115,2.4,-3.00,0.0
A001,05/01/2018,20,19.0,19.1,18.8,85,89,84,16.4,17.3,16.2,886.6,886.8,886.5,1.6,5,5.2,282.7,0.0
A001,05/01/2018,06,19.4,19.8,19.3,92,92,91,18.0,18.2,18.0,886.9,887.1,886.9,0.6,325,0.9,-2.81,0.4
A001,05/01/2018,18,18.6,18.9,18.1,93,93,92,17.5,17.7,16.8,887.6,888.5,887.6,3.1,339,7.5,262.3,4.0
A001,05/01/2018,07,19.1,19.4,19.1,93,93,92,17.9,18.2,17.9,886.3,886.9,886.3,0.4,320,0.9,-3.09,0.0
A001,05/01/2018,08,19.2,19.2,19.1,93,93,93,18.0,18.1,17.9,886.5,886.5,886.3,0.7,13,1.2,-2.51,0.0
A001,05/01/2018,13,22.7,23.8,22.1,76,77,68,18.1,18.5,16.8,888.3,888.4,888.3,3.7,358,6.3,1786.,0.0
A001,05/01/2018,09,19.3,19.3,19.1,93,94,93,18.2,18.2,18.0,887.2,887.2,886.5,0.4,36,1.2,1.102,0.0
A001,05/01/2018,21,18.7,19.1,18.7,86,86,81,16.3,16.7,15.7,886.2,886.6,886.2,1.1,338,2.4,202.7,0.0
A001,05/01/2018,10,20.3,20.3,19.3,92,94,92,18.9,18.9,18.2,887.6,887.7,887.2,0.6,345,1.1,195.0,0.0
A001,05/01/2018,00,21.8,22.2,21.8,75,76,74,17.1,17.5,17.1,886.9,886.9,886.3,2.1,344,3.5,-3.54,0.0
A001,05/01/2018,19,19.1,19.2,18.6,89,93,87,17.2,17.9,16.7,886.8,887.7,886.8,3.1,350,6.6,691.5,0.6
A001,05/01/2018,22,18.4,18.7,18.4,88,88,85,16.4,16.5,16.0,886.4,886.4,886.1,0.9,353,2.4,31.47,0.0
A001,05/01/2018,12,22.1,22.4,21.4,77,81,76,17.9,18.5,17.4,888.4,888.4,888.1,1.8,336,4.0,959.8,0.0
A001,05/01/2018,16,20.3,21.8,20.3,84,85,75,17.6,18.5,16.6,888.4,888.4,888.0,4.7,346,8.2,429.6,0.0
A001,05/01/2018,17,18.9,20.3,18.4,93,93,85,17.7,17.7,17.1,888.5,888.7,888.4,2.9,342,8.2,180.5,5.2
A001,05/01/2018,15,21.1,23.4,21.1,83,83,68,18.2,18.8,16.0,888.2,888.3,888.1,1.7,271,6.5,652.1,1.0
A001,05/01/2018,01,21.5,21.9,21.5,76,77,74,17.1,17.3,17.1,887.8,887.8,886.9,1.8,345,3.6,-3.50,0.0
A001,05/01/2018,23,18.3,18.5,18.2,90,90,88,16.6,16.8,16.3,887.3,887.3,886.4,0.9,360,1.7,-3.37,0.0
A001,05/01/2018,02,21.1,21.5,20.9,78,79,76,17.1,17.2,17.0,888.0,888.0,887.8,1.1,351,2.8,-3.53,0.0
A001,06/01/2018,15,20.3,23.4,20.3,87,87,68,18.1,18.2,16.4,888.1,888.5,888.0,3.3,296,8.0,1543.,0.8
A001,06/01/2018,22,18.0,18.4,18.0,93,93,92,16.7,17.2,16.7,886.1,886.1,885.7,2.1,352,3.5,21.26,2.4
A001,06/01/2018,00,18.4,18.4,18.1,92,92,90,17.0,17.0,16.6,888.2,888.2,887.3,0.7,279,1.3,-3.33,0.0
A001,06/01/2018,23,18.1,18.1,17.9,93,93,92,16.9,16.9,16.6,886.4,886.4,886.1,1.1,301,2.9,-2.32,0.0
A001,06/01/2018,01,18.4,18.7,18.4,92,92,91,17.0,17.2,17.0,889.0,889.0,888.2,0.5,332,1.9,-3.20,0.4
A001,06/01/2018,02,18.3,18.5,18.3,92,92,92,17.0,17.2,16.9,889.1,889.1,888.9,0.7,78,1.6,-3.33,0.0
A001,06/01/2018,03,17.9,18.3,17.9,93,93,92,16.7,17.0,16.7,889.1,889.2,889.1,0.2,262,1.2,-3.23,0.0
A001,06/01/2018,04,18.4,18.5,17.8,93,93,93,17.3,17.3,16.6,888.8,889.1,888.8,0.3,169,1.2,-1.90,0.4
A001,06/01/2018,05,18.0,18.4,18.0,93,93,93,16.8,17.3,16.8,888.1,888.8,888.1,0.6,321,1.1,-2.92,0.4
A001,06/01/2018,06,17.6,18.0,17.6,93,93,93,16.5,16.9,16.4,887.7,888.1,887.7,1.1,313,1.8,-2.11,0.0
A001,06/01/2018,07,18.0,18.0,17.6,92,93,92,16.6,16.6,16.5,887.4,887.7,887.4,1.1,344,2.0,-3.38,0.0
A001,06/01/2018,08,17.9,18.0,17.8,91,92,91,16.5,16.7,16.5,887.4,887.5,887.4,1.6,328,2.2,-2.64,0.0
A001,06/01/2018,09,17.7,17.9,17.7,92,92,91,16.4,16.5,16.4,887.7,887.7,887.4,1.3,279,2.4,1.661,0.0
A001,06/01/2018,10,18.8,18.8,17.7,90,93,90,17.0,17.1,16.4,888.1,888.1,887.7,1.5,281,3.1,213.1,0.0
A001,06/01/2018,11,19.4,19.4,18.6,88,90,88,17.4,17.4,16.6,888.5,888.6,888.1,1.9,305,3.5,421.8,0.0
A001,06/01/2018,12,20.5,20.6,19.4,84,88,83,17.6,17.8,17.2,888.9,889.0,888.5,2.2,309,4.7,1016.,0.0
A001,06/01/2018,13,21.5,21.5,20.5,78,84,77,17.6,18.2,17.0,889.0,889.0,888.9,3.1,305,6.5,1325.,0.0
A001,06/01/2018,14,22.4,22.7,21.4,70,78,70,16.6,18.1,16.6,888.5,889.1,888.5,2.8,319,6.0,1558.,0.0
A001,06/01/2018,16,22.3,22.5,19.6,74,90,74,17.4,18.9,17.4,887.3,888.1,887.3,3.8,331,7.8,1645.,2.2
A001,06/01/2018,17,22.6,23.6,22.2,71,77,69,17.0,18.2,16.9,886.3,887.4,886.3,4.7,329,8.6,2326.,0.0
A001,06/01/2018,18,22.6,22.8,22.5,68,71,66,16.2,17.1,16.0,885.9,886.3,885.8,3.2,320,8.6,743.7,0.0
A001,06/01/2018,19,21.5,22.6,21.5,75,75,68,17.0,17.0,16.4,885.4,885.9,885.4,1.3,296,6.6,312.4,0.0
A001,06/01/2018,20,19.2,21.5,18.9,88,89,75,17.1,17.7,16.5,885.4,885.4,885.2,2.4,19,5.2,142.4,8.8
A001,06/01/2018,21,18.4,19.3,18.3,92,93,88,17.1,17.8,17.1,885.7,885.7,885.4,1.9,284,5.2,53.44,15.0
A001,07/01/2018,11,19.7,19.7,18.5,82,89,81,16.5,16.9,16.2,886.7,886.7,886.1,1.1,339,2.8,624.4,0.0
A001,07/01/2018,19,23.2,23.2,21.3,64,75,63,16.0,16.9,14.9,884.5,885.1,884.5,3.3,340,8.8,1265.,0.0
A001,07/01/2018,03,17.8,17.9,17.8,93,93,93,16.7,16.8,16.6,886.8,887.3,886.8,0.9,342,2.2,-1.75,0.0
A001,07/01/2018,12,21.8,21.8,19.6,75,84,72,17.1,17.5,16.3,887.0,887.1,886.7,3.5,354,6.0,1601.,0.0
A001,07/01/2018,18,21.4,24.0,21.1,73,77,67,16.4,18.5,16.1,885.1,885.4,885.0,5.6,348,12.3,1360.,0.0
A001,07/01/2018,13,23.6,23.8,21.6,64,76,63,16.4,17.6,15.9,887.4,887.5,887.0,3.1,4,6.0,3073.,0.0
A001,07/01/2018,05,17.7,17.9,17.7,93,93,93,16.7,16.8,16.6,886.0,886.5,886.0,1.1,274,2.5,-2.11,0.0
A001,07/01/2018,14,23.6,24.7,23.3,61,65,58,15.7,16.8,15.5,887.2,887.4,887.2,3.4,11,7.0,2643.,0.0
A001,07/01/2018,15,25.4,25.4,23.4,59,66,57,16.8,17.0,15.5,886.5,887.2,886.5,3.5,343,6.8,2678.,0.0
A001,07/01/2018,07,17.5,17.8,17.4,93,93,93,16.3,16.6,16.3,885.4,885.7,885.4,1.2,351,2.1,-2.91,0.0
A001,07/01/2018,17,22.9,25.5,22.9,67,69,52,16.5,17.7,14.5,885.4,886.0,885.4,3.0,51,7.2,1445.,0.0
A001,07/01/2018,16,25.0,26.1,24.6,54,60,50,14.9,16.9,14.0,885.9,886.5,885.9,3.8,17,7.4,2990.,0.0
A001,07/01/2018,01,18.0,18.2,18.0,93,93,93,16.8,17.0,16.8,887.3,887.4,887.0,1.1,350,2.3,-1.45,0.6
A001,07/01/2018,22,21.1,22.9,21.0,80,81,66,17.6,17.9,16.4,885.6,885.6,885.0,0.9,273,4.0,142.7,0.0
A001,07/01/2018,00,18.2,18.2,18.0,93,93,93,17.0,17.1,16.9,887.0,887.0,886.4,1.0,3,2.1,-2.49,0.2
A001,07/01/2018,08,17.2,17.5,17.1,93,93,93,16.1,16.3,16.0,885.6,885.6,885.4,1.6,344,2.0,-3.50,0.0
A001,07/01/2018,23,19.9,21.2,19.9,87,87,80,17.7,18.1,17.4,886.1,886.1,885.6,0.6,266,2.5,-3.54,0.0
A001,07/01/2018,06,17.7,17.7,17.6,93,94,93,16.6,16.7,16.6,885.7,886.0,885.7,1.1,330,2.4,-2.09,0.0
A001,07/01/2018,09,17.1,17.5,17.1,92,93,92,15.9,16.2,15.8,885.8,885.8,885.6,0.8,326,2.4,3.675,0.2
A001,07/01/2018,02,17.9,18.0,17.9,93,93,93,16.8,16.9,16.8,887.3,887.4,887.3,1.4,323,2.2,-2.71,0.4
A001,07/01/2018,21,22.9,23.6,22.6,66,69,62,16.1,16.7,15.8,885.0,885.0,884.1,2.2,27,4.6,561.2,0.0
A001,07/01/2018,20,23.5,23.8,22.6,63,65,58,16.0,16.4,14.5,884.2,884.5,884.2,2.5,351,6.8,1611.,0.0
A001,07/01/2018,10,18.5,18.5,17.1,89,93,89,16.7,16.8,15.9,886.1,886.2,885.8,1.5,353,2.8,246.2,0.0
A001,07/01/2018,04,17.9,17.9,17.8,93,93,93,16.8,16.8,16.6,886.5,886.8,886.4,1.3,312,2.4,-2.29,0.0
A001,08/01/2018,02,19.5,19.7,19.5,90,90,89,17.8,18.1,17.7,887.2,887.7,887.2,0.8,259,1.4,-3.31,0.0
A001,08/01/2018,18,22.6,22.6,20.2,76,88,74,18.1,18.6,17.3,885.8,886.5,885.8,0.7,30,4.1,920.9,0.0
A001,08/01/2018,01,19.6,20.5,19.5,90,90,86,17.9,18.3,17.6,887.4,887.4,886.8,0.3,46,1.0,-3.52,0.0
A001,08/01/2018,22,18.8,19.7,18.4,82,84,78,15.7,16.1,15.3,886.3,886.3,885.2,1.5,285,5.8,22.16,0.0
A001,08/01/2018,19,24.5,25.0,22.6,64,76,61,17.3,18.2,16.3,884.4,885.8,884.4,2.6,12,4.8,2160.,0.0
A001,08/01/2018,20,25.2,26.2,24.5,53,64,52,15.0,17.7,15.0,884.8,884.8,884.4,2.8,52,6.7,1642.,0.0
A001,08/01/2018,03,20.1,20.1,19.2,86,90,86,17.7,18.0,17.5,887.4,887.4,887.1,1.4,95,1.7,-3.33,0.0
A001,08/01/2018,21,19.7,25.2,19.7,78,78,53,15.8,16.8,14.9,885.4,885.6,884.8,2.3,334,9.2,179.8,0.0
A001,08/01/2018,04,19.8,20.5,19.8,89,89,84,18.0,18.3,17.6,887.2,887.4,887.1,0.4,97,2.6,-3.50,0.2
A001,08/01/2018,05,17.7,19.8,17.7,93,93,89,16.5,18.1,16.4,886.5,887.5,886.5,2.2,288,7.0,-1.91,4.0
A001,08/01/2018,06,17.2,17.7,17.2,88,93,87,15.1,16.5,15.1,886.2,886.5,886.2,1.9,337,4.4,-2.43,0.0
A001,08/01/2018,07,17.1,17.3,17.1,91,91,87,15.5,15.7,15.1,886.0,886.2,886.0,0.9,288,3.7,-1.56,0.0
A001,08/01/2018,08,17.0,17.5,17.0,90,91,90,15.4,16.0,15.4,886.4,886.4,886.0,2.4,134,4.7,-2.19,0.0
A001,08/01/2018,09,16.5,17.1,16.5,91,92,90,15.1,15.7,15.1,887.0,887.0,886.4,0.5,204,3.8,9.064,0.2
A001,08/01/2018,10,17.8,17.8,16.5,93,93,91,16.7,16.7,15.1,887.8,887.9,887.0,0.9,12,5.5,152.1,0.0
A001,08/01/2018,11,20.1,20.7,17.8,81,93,76,16.7,17.9,16.0,888.0,888.0,887.8,1.5,125,2.6,983.3,0.0
A001,08/01/2018,12,21.4,21.8,20.1,75,82,73,16.7,17.6,16.5,888.4,888.4,888.0,2.7,112,5.0,1659.,0.0
A001,08/01/2018,13,22.5,23.2,21.4,74,77,68,17.7,17.8,16.0,888.4,888.4,888.2,2.5,111,7.9,2108.,0.0
A001,08/01/2018,14,24.0,24.5,22.5,72,75,66,18.5,18.6,16.4,887.8,888.4,887.8,3.5,99,7.4,3210.,0.0
A001,08/01/2018,15,24.2,24.8,23.0,64,74,60,17.0,18.8,16.7,887.1,887.8,887.1,2.7,91,7.1,2658.,0.0
A001,08/01/2018,23,19.1,19.2,18.7,82,84,81,15.9,16.0,15.7,886.6,886.7,886.2,1.0,188,3.1,-3.52,0.0
A001,08/01/2018,16,22.2,24.6,22.1,76,77,61,17.9,18.3,16.3,887.0,887.1,887.0,1.8,279,5.7,1181.,0.0
A001,08/01/2018,00,20.3,20.7,19.9,86,88,82,17.9,18.2,17.3,886.8,886.8,886.1,0.5,338,1.5,-3.46,0.0
A001,08/01/2018,17,20.2,22.2,17.2,88,93,77,18.1,18.1,15.6,886.5,887.7,886.5,1.3,49,10.1,435.0,18.6
A001,09/01/2018,13,22.7,23.1,21.6,67,73,65,16.2,17.1,15.9,890.0,890.1,889.9,4.1,69,7.1,2295.,0.0
A001,09/01/2018,05,17.8,17.9,17.5,90,92,90,16.2,16.5,16.1,887.1,887.4,887.1,1.0,337,2.2,-2.86,0.0
A001,09/01/2018,10,18.3,18.3,17.5,92,93,91,16.9,16.9,16.1,889.0,889.0,888.4,0.7,150,2.0,143.8,0.0
A001,09/01/2018,06,17.9,18.0,17.6,90,91,90,16.3,16.5,16.1,887.0,887.3,887.0,1.1,325,3.6,-3.04,0.0
A001,09/01/2018,08,18.0,18.5,17.8,92,92,89,16.6,16.8,16.2,887.7,887.7,887.0,1.2,154,2.5,-2.84,0.0
A001,09/01/2018,21,25.6,27.0,25.5,46,50,45,13.2,15.2,12.9,886.6,886.8,886.5,4.3,103,7.7,701.6,0.0
A001,09/01/2018,22,24.6,25.6,24.5,46,48,46,12.1,13.6,12.1,887.0,887.0,886.6,3.1,107,7.7,99.97,0.0
A001,09/01/2018,07,18.5,18.5,17.6,90,92,90,16.8,16.8,16.2,887.0,887.0,886.8,1.8,133,2.5,-2.87,0.2
A001,09/01/2018,00,19.1,19.4,18.0,84,88,82,16.3,16.6,15.7,887.5,887.5,886.5,1.0,33,2.5,-3.50,0.0
A001,09/01/2018,14,24.3,25.1,22.5,58,68,55,15.5,16.7,15.0,889.5,890.0,889.5,4.2,47,8.6,3426.,0.0
A001,09/01/2018,19,27.3,27.5,25.9,44,47,40,14.0,14.7,12.4,886.7,887.5,886.7,3.3,103,6.8,2204.,0.0
A001,09/01/2018,11,20.4,20.5,18.3,80,92,80,17.0,17.5,16.5,889.6,889.6,889.1,1.4,136,2.6,833.3,0.0
A001,09/01/2018,03,17.8,19.0,17.8,90,90,85,16.2,16.7,16.2,887.8,888.5,887.8,1.0,265,7.4,-3.32,0.0
A001,09/01/2018,09,18.1,18.2,17.9,91,92,91,16.7,16.8,16.4,888.4,888.4,887.7,1.3,126,2.2,6.737,0.0
A001,09/01/2018,16,25.7,26.7,25.1,51,57,50,14.9,16.8,14.9,888.9,889.3,888.8,3.1,59,9.0,3251.,0.0
A001,09/01/2018,02,19.0,19.5,18.8,85,88,84,16.4,17.1,16.3,888.5,888.5,887.5,3.3,355,7.4,-2.74,0.0
A001,09/01/2018,12,21.6,22.5,20.4,70,81,68,16.0,17.5,16.0,890.0,890.0,889.5,2.4,97,5.2,1766.,0.0
A001,09/01/2018,23,23.0,24.5,23.0,63,63,46,15.6,15.6,12.1,888.1,888.1,887.0,2.3,119,5.9,-3.54,0.0
A001,09/01/2018,04,17.6,17.8,17.5,92,92,90,16.3,16.3,16.1,887.4,887.8,887.4,0.9,294,3.2,-2.84,0.0
A001,09/01/2018,20,26.7,27.8,25.9,47,50,42,14.5,15.0,12.8,886.6,886.7,886.5,3.4,102,7.1,1399.,0.0
A001,09/01/2018,17,25.8,26.9,25.3,50,56,48,14.7,16.3,14.6,888.3,888.9,888.2,3.2,45,9.1,2729.,0.0
A001,09/01/2018,01,19.1,19.1,18.8,87,87,84,16.9,16.9,16.3,887.5,887.6,887.3,0.4,170,2.5,-2.78,0.0
A001,09/01/2018,15,25.3,25.9,24.2,54,60,52,15.3,16.5,15.0,889.2,889.5,889.2,2.8,65,8.9,3618.,0.0
A001,09/01/2018,18,26.9,27.4,25.7,44,53,42,13.7,15.8,13.2,887.5,888.3,887.5,3.3,87,7.9,3324.,0.0
A001,10/01/2018,05,20.3,20.6,20.1,70,71,69,14.7,15.0,14.6,887.8,888.1,887.8,2.4,111,4.8,-3.54,0.0
A001,10/01/2018,22,24.0,25.0,24.0,65,66,57,17.1,17.2,15.9,887.7,887.7,887.3,3.1,119,6.4,97.35,0.0
A001,10/01/2018,00,22.1,23.0,22.0,69,69,63,16.1,16.1,15.6,888.8,888.8,888.1,1.6,124,4.7,-3.54,0.0
A001,10/01/2018,01,21.8,22.2,21.8,70,70,68,16.1,16.2,16.0,889.1,889.1,888.8,2.2,123,4.4,-3.54,0.0
A001,10/01/2018,23,23.1,24.0,23.1,67,68,65,16.6,17.2,16.5,888.3,888.3,887.7,3.0,103,6.5,-3.54,0.0
A001,10/01/2018,06,19.4,20.4,19.4,75,75,70,14.9,14.9,14.5,887.6,887.8,887.5,1.9,136,4.3,-3.54,0.0
A001,10/01/2018,02,21.3,21.9,21.3,70,71,69,15.6,16.1,15.5,889.0,889.2,889.0,2.5,121,5.0,-3.54,0.0
A001,10/01/2018,03,20.6,21.3,20.6,72,73,70,15.2,15.7,15.2,888.7,889.0,888.7,1.8,101,4.8,-3.54,0.0
A001,10/01/2018,04,20.3,20.6,20.2,71,72,71,14.9,15.3,14.9,888.1,888.7,888.1,2.0,107,4.0,-3.54,0.0
A001,10/01/2018,07,20.0,20.0,18.6,70,79,70,14.4,15.0,14.4,887.7,887.8,887.6,2.6,106,5.2,-3.54,0.0
A001,10/01/2018,08,20.0,20.4,19.9,70,70,68,14.3,14.5,14.2,888.4,888.4,887.7,3.0,100,5.2,-3.54,0.0
A001,10/01/2018,09,19.1,20.1,19.1,76,76,69,14.8,14.8,14.3,888.7,888.7,888.4,3.5,103,6.9,2.235,0.0
A001,10/01/2018,10,20.1,20.1,19.1,76,77,76,15.6,15.7,14.8,889.4,889.4,888.7,5.3,87,8.9,400.1,0.0
A001,10/01/2018,11,21.9,21.9,20.1,72,76,72,16.7,16.9,15.6,889.9,889.9,889.4,4.8,87,8.9,1270.,0.0
A001,10/01/2018,12,23.4,23.4,21.7,68,74,67,17.2,17.2,16.4,890.2,890.3,889.9,5.3,81,9.4,2154.,0.0
A001,10/01/2018,13,23.9,24.3,23.3,65,68,64,17.0,17.9,16.6,890.6,890.7,890.2,4.9,72,9.0,2886.,0.0
A001,10/01/2018,14,25.0,25.3,23.4,65,69,61,18.0,18.5,16.4,890.4,890.7,890.3,3.8,84,9.0,3288.,0.0
A001,10/01/2018,15,25.8,26.1,24.2,61,67,57,17.7,18.2,16.7,890.1,890.5,890.1,4.2,86,8.4,3835.,0.0
A001,10/01/2018,16,26.2,26.4,24.7,57,63,56,16.9,17.9,16.3,889.6,890.1,889.5,4.1,98,8.8,3465.,0.0
A001,10/01/2018,17,27.0,27.4,25.6,52,61,51,16.4,18.0,15.9,888.9,889.6,888.8,4.3,106,8.4,3506.,0.0
A001,10/01/2018,18,26.5,27.8,25.6,54,56,49,16.6,17.6,15.6,888.1,888.9,888.0,4.0,104,8.7,2204.,0.0
A001,10/01/2018,19,26.6,27.2,25.9,54,56,50,16.4,17.1,14.9,887.4,888.0,887.3,4.9,115,8.5,1684.,0.0
A001,10/01/2018,20,26.1,27.3,25.6,54,57,51,16.1,17.5,15.2,886.9,887.4,886.9,4.2,97,8.5,1657.,0.0
A001,10/01/2018,21,24.9,26.3,24.9,57,59,54,15.8,16.8,15.3,887.3,887.3,886.8,3.0,115,8.2,775.4,0.0
A001,11/01/2018,12,22.9,23.1,21.3,66,74,65,16.3,17.1,15.9,890.0,890.0,889.6,4.3,79,8.3,2063.,0.0
A001,11/01/2018,18,26.8,27.5,25.7,45,51,42,13.9,16.3,12.7,887.4,888.4,887.4,4.0,102,8.0,3302.,0.0
A001,11/01/2018,22,23.8,25.2,23.8,53,54,48,13.5,14.0,13.1,886.4,886.4,886.1,2.5,98,6.6,76.89,0.0
A001,11/01/2018,19,27.1,27.2,26.3,45,50,42,14.1,15.2,12.8,886.6,887.4,886.5,3.2,103,9.3,2822.,0.0
A001,11/01/2018,14,24.5,24.8,23.3,63,66,60,16.9,17.3,15.6,889.9,890.2,889.9,4.6,89,9.5,3295.,0.0
A001,11/01/2018,20,26.3,27.1,25.7,46,48,43,13.6,14.3,12.4,886.0,886.6,886.0,3.5,92,7.8,1575.,0.0
A001,11/01/2018,00,22.9,23.2,22.8,68,68,67,16.7,16.8,16.6,888.6,888.6,888.3,2.6,102,6.1,-3.54,0.0
A001,11/01/2018,08,19.2,19.5,19.0,85,85,83,16.5,16.6,16.4,888.3,888.3,888.0,2.7,79,6.1,-3.54,0.0
A001,11/01/2018,21,25.2,26.4,25.2,48,51,45,13.4,14.5,13.4,886.1,886.1,885.9,3.7,95,7.4,1071.,0.0
A001,11/01/2018,04,20.9,21.3,20.9,78,78,77,16.9,17.2,16.9,888.2,888.7,888.2,2.6,106,5.0,-3.54,0.0
A001,11/01/2018,15,24.7,25.0,23.4,61,63,57,16.6,17.2,15.2,889.6,889.9,889.6,3.0,95,7.7,2379.,0.0
A001,11/01/2018,01,22.3,23.0,22.3,71,71,67,16.8,16.8,16.4,889.2,889.2,888.6,3.0,109,6.2,-3.54,0.0
A001,11/01/2018,03,21.3,21.9,21.2,77,78,75,17.1,17.4,17.1,888.7,889.1,888.7,2.3,105,5.9,-3.54,0.0
A001,11/01/2018,05,20.4,21.1,20.4,80,80,77,16.7,17.0,16.7,888.3,888.4,888.2,4.4,99,7.8,-3.54,0.0
A001,11/01/2018,23,23.0,23.8,22.9,58,58,52,14.1,14.2,13.4,886.8,886.9,886.4,2.9,106,4.9,-3.54,0.0
A001,11/01/2018,07,19.5,19.7,19.4,83,84,83,16.6,16.6,16.5,888.0,888.1,887.9,3.1,88,7.6,-3.54,0.0
A001,11/01/2018,11,21.6,21.6,20.2,74,79,72,16.7,16.7,16.0,889.6,889.6,889.0,3.9,57,9.3,1214.,0.0
A001,11/01/2018,10,20.2,20.2,19.0,79,84,78,16.4,16.5,16.2,889.0,889.0,888.6,3.8,72,8.0,374.8,0.0
A001,11/01/2018,16,25.9,26.3,24.4,49,61,48,14.3,17.1,14.2,889.1,889.6,889.1,3.9,112,7.6,3232.,0.0
A001,11/01/2018,17,26.6,27.1,25.3,46,54,44,14.1,15.9,13.5,888.4,889.1,888.4,4.0,100,8.4,3590.,0.0
A001,11/01/2018,02,21.9,22.3,21.8,75,75,71,17.2,17.2,16.9,889.1,889.4,889.1,3.0,112,5.8,-3.54,0.0
A001,11/01/2018,06,19.5,20.4,19.5,83,83,80,16.6,16.7,16.6,888.0,888.3,887.9,4.3,95,8.1,-3.54,0.0
A001,11/01/2018,13,23.8,24.3,22.2,63,70,60,16.3,17.1,15.8,890.2,890.3,890.0,5.4,86,9.0,2713.,0.0
A001,11/01/2018,09,19.0,19.2,19.0,84,86,84,16.3,16.6,16.2,888.6,888.6,888.2,3.8,75,7.7,1.297,0.0
A001,12/01/2018,17,25.7,27.4,25.6,50,50,41,14.5,15.0,11.9,887.1,888.0,887.1,4.5,355,8.3,3003.,0.0
A001,12/01/2018,18,24.8,26.6,24.2,61,63,46,16.6,16.9,13.2,886.3,887.1,886.3,4.3,304,9.5,2321.,0.0
A001,12/01/2018,19,24.2,25.2,23.7,63,63,58,16.7,17.1,15.6,885.8,886.3,885.6,4.3,288,9.2,1750.,0.0
A001,12/01/2018,20,22.2,24.5,22.2,61,65,59,14.4,16.5,14.4,886.0,886.1,885.8,4.2,271,10.3,1613.,0.0
A001,12/01/2018,01,21.1,21.9,21.1,64,64,62,14.1,14.6,14.0,888.1,888.1,887.4,2.3,126,5.1,-3.54,0.0
A001,12/01/2018,21,20.6,22.3,20.6,66,66,61,13.9,14.6,13.2,886.2,886.4,886.0,3.5,291,9.0,512.4,0.0
A001,12/01/2018,06,19.4,19.9,19.3,71,71,68,13.9,14.0,13.9,886.9,887.0,886.9,1.5,98,4.6,-3.54,0.0
A001,12/01/2018,03,20.2,20.7,20.2,69,69,67,14.4,14.4,14.3,888.4,888.5,888.4,3.0,101,6.5,-3.54,0.0
A001,12/01/2018,22,19.6,20.6,19.6,69,69,65,13.7,13.9,13.5,886.2,886.3,886.1,2.1,304,7.1,80.82,0.0
A001,12/01/2018,02,20.5,21.1,20.4,68,68,64,14.4,14.5,14.2,888.4,888.5,888.1,2.2,115,4.1,-3.54,0.0
A001,12/01/2018,07,19.1,19.5,18.2,72,76,70,13.9,14.1,13.7,886.5,886.9,886.5,1.6,117,2.9,-3.54,0.0
A001,12/01/2018,08,18.8,19.3,18.8,73,73,70,13.8,13.9,13.7,886.5,886.6,886.4,1.7,103,3.0,-3.54,0.0
A001,12/01/2018,05,19.9,20.0,19.7,68,70,68,13.9,14.1,13.8,887.0,887.6,887.0,2.4,100,5.1,-3.54,0.0
A001,12/01/2018,09,16.8,19.2,16.8,81,81,71,13.6,13.8,13.5,887.0,887.0,886.5,1.0,126,3.2,-2.58,0.0
A001,12/01/2018,04,19.9,20.3,19.9,69,70,68,14.1,14.4,14.0,887.6,888.4,887.6,2.5,113,5.0,-3.54,0.0
A001,12/01/2018,00,21.9,23.0,21.8,63,63,57,14.5,14.8,14.2,887.5,887.5,886.8,2.6,109,5.2,-3.54,0.0
A001,12/01/2018,10,18.3,18.3,16.6,82,86,81,15.3,15.3,13.6,887.6,887.6,887.0,0.7,177,2.0,188.6,0.0
A001,12/01/2018,11,21.0,21.2,18.3,67,83,66,14.5,15.4,14.5,888.0,888.0,887.5,2.0,124,3.5,647.6,0.0
A001,12/01/2018,12,22.8,23.6,21.0,59,67,57,14.4,15.3,13.5,888.9,888.9,888.0,3.2,87,6.1,2254.,0.0
A001,12/01/2018,13,24.1,24.3,22.4,55,61,53,14.6,15.0,13.6,889.3,889.4,888.9,2.6,43,6.5,2175.,0.0
A001,12/01/2018,14,24.5,24.8,23.5,53,58,51,14.3,15.1,13.5,889.0,889.4,889.0,2.4,23,6.3,2764.,0.0
A001,12/01/2018,15,25.0,25.7,24.3,51,58,48,14.1,15.8,13.3,888.3,889.0,888.3,2.0,357,5.7,2794.,0.0
A001,12/01/2018,23,19.0,19.6,18.8,71,72,69,13.6,13.8,13.5,886.0,886.3,886.0,1.8,272,4.3,-3.54,0.0
A001,12/01/2018,16,26.0,26.3,24.9,42,52,40,12.1,14.9,11.4,887.9,888.3,887.9,2.3,287,5.2,2804.,0.0
A001,13/01/2018,05,17.2,17.4,16.5,86,89,85,14.9,15.3,14.2,886.3,886.4,886.3,0.6,328,1.4,-3.12,0.0
A001,13/01/2018,22,18.7,19.4,18.5,90,90,83,17.0,17.2,16.1,884.3,884.6,884.3,0.9,326,1.7,104.4,0.4
A001,13/01/2018,02,17.2,17.8,16.7,84,85,80,14.5,14.6,14.0,886.8,886.9,886.7,0.9,356,2.5,-3.54,0.0
A001,13/01/2018,03,16.7,17.2,16.5,87,88,84,14.6,14.8,14.2,886.3,886.9,886.3,0.8,265,1.6,-3.52,0.0
A001,13/01/2018,04,17.0,17.2,16.6,86,88,85,14.7,14.9,14.4,886.3,886.3,886.2,0.5,55,1.9,-3.52,0.0
A001,13/01/2018,06,17.2,17.5,17.2,87,87,83,15.0,15.1,14.6,886.2,886.4,886.2,0.2,157,1.7,-3.12,0.0
A001,13/01/2018,07,16.4,17.2,16.4,89,89,87,14.6,15.1,14.6,886.2,886.3,886.2,0.2,94,0.9,-3.54,0.0
A001,13/01/2018,00,18.9,19.2,18.4,75,75,71,14.4,14.4,13.5,885.8,886.0,885.5,0.9,173,3.1,-3.54,0.0
A001,13/01/2018,08,16.2,16.4,15.9,90,91,89,14.5,14.7,14.3,886.0,886.2,886.0,1.0,50,1.4,-3.54,0.0
A001,13/01/2018,09,16.0,16.4,15.2,92,92,89,14.7,14.7,13.7,886.5,886.5,886.0,0.5,262,1.6,1.192,0.0
A001,13/01/2018,10,21.3,21.5,16.0,69,92,69,15.3,16.4,14.6,886.9,886.9,886.5,0.3,135,1.2,385.6,0.0
A001,13/01/2018,11,22.1,22.3,20.2,65,74,65,15.2,15.7,15.0,887.4,887.4,886.9,0.3,85,2.4,860.8,0.0
A001,13/01/2018,12,23.6,23.8,21.7,58,67,57,14.8,16.1,14.4,887.8,887.8,887.4,1.6,5,2.9,2146.,0.0
A001,13/01/2018,13,24.5,25.3,23.4,53,61,52,14.3,15.8,13.7,887.7,887.9,887.7,2.3,36,3.8,3003.,0.0
A001,13/01/2018,14,26.0,26.3,24.5,50,57,50,14.8,16.2,14.2,887.3,887.7,887.3,2.1,44,4.5,3483.,0.0
A001,13/01/2018,23,18.0,18.8,17.9,93,93,90,16.8,17.2,16.6,884.8,884.8,884.3,1.5,336,2.0,-3.52,0.0
A001,13/01/2018,15,26.6,27.3,25.5,45,55,43,13.8,16.6,12.8,886.8,887.3,886.8,4.3,5,7.6,3289.,0.0
A001,13/01/2018,16,26.8,27.8,26.2,47,49,42,14.6,15.5,13.1,886.3,886.8,886.2,3.4,352,7.6,3318.,0.0
A001,13/01/2018,17,26.9,27.7,26.3,43,49,42,13.1,15.4,13.1,885.5,886.3,885.5,2.3,25,6.5,2168.,0.0
A001,13/01/2018,18,23.4,27.5,23.4,61,63,40,15.6,16.4,13.2,884.9,885.6,884.9,3.7,150,7.2,901.3,0.0
A001,13/01/2018,19,19.5,23.7,19.5,85,85,60,16.9,17.6,15.4,885.4,885.4,884.0,4.1,303,11.0,482.3,0.4
A001,13/01/2018,20,17.7,19.5,16.7,92,92,85,16.4,16.8,15.0,884.4,885.8,884.4,1.3,309,11.0,48.26,6.0
A001,13/01/2018,21,18.8,18.8,17.7,88,92,88,16.8,16.9,16.3,884.6,884.6,884.4,1.1,354,2.9,83.98,0.4
A001,13/01/2018,01,17.8,18.9,17.4,80,84,75,14.2,14.8,14.2,886.8,886.8,885.8,1.4,27,2.6,-3.54,0.0
A001,14/01/2018,03,17.8,18.5,17.6,92,92,90,16.5,16.9,16.0,887.4,887.8,887.4,0.4,146,1.5,-3.37,0.0
A001,14/01/2018,21,20.7,21.5,20.7,71,72,65,15.3,15.4,14.3,886.1,886.1,885.9,1.9,314,5.0,360.2,0.0
A001,14/01/2018,09,17.2,18.3,16.8,86,91,83,14.9,16.5,14.9,887.3,887.3,886.5,0.5,31,3.6,-0.32,0.0
A001,14/01/2018,20,21.5,22.0,21.5,67,68,63,15.1,15.3,14.4,885.9,886.2,885.7,2.8,354,6.2,789.9,0.0
A001,14/01/2018,17,22.0,22.2,20.9,64,78,62,15.0,17.6,14.3,887.4,888.3,887.4,4.0,350,8.1,2132.,0.0
A001,14/01/2018,10,18.6,18.9,17.0,89,90,85,16.7,16.7,15.0,888.0,888.0,887.3,0.7,158,2.3,113.2,0.2
A001,14/01/2018,19,21.9,22.5,21.9,64,65,60,14.7,15.3,14.1,886.2,886.8,886.1,3.4,342,8.0,1254.,0.0
A001,14/01/2018,02,18.1,18.5,17.9,91,93,90,16.6,17.1,16.4,887.8,887.8,887.3,0.8,119,2.5,-2.96,0.0
A001,14/01/2018,22,19.5,20.7,19.5,77,77,71,15.3,15.5,15.2,886.1,886.2,886.0,1.1,336,3.6,54.24,0.0
A001,14/01/2018,11,19.1,19.6,18.6,86,89,80,16.8,17.1,15.9,888.9,888.9,888.0,3.4,85,5.7,214.0,0.2
A001,14/01/2018,01,18.0,18.1,17.6,93,93,92,16.8,16.9,16.3,887.3,887.3,886.0,0.9,7,1.9,-2.91,0.0
A001,14/01/2018,12,21.5,21.6,19.1,80,86,78,17.9,18.3,16.6,889.3,889.3,888.9,2.8,65,5.6,1209.,0.2
A001,14/01/2018,18,22.1,22.5,21.9,63,66,60,14.8,15.6,14.3,886.8,887.4,886.7,3.9,349,8.0,1542.,0.0
A001,14/01/2018,13,20.9,21.9,20.5,79,82,76,17.2,18.4,16.7,889.7,889.8,889.3,3.7,43,7.6,1786.,0.0
A001,14/01/2018,05,17.3,17.7,17.3,92,93,92,16.0,16.5,16.0,886.3,887.2,886.3,1.0,197,1.6,-3.21,0.0
A001,14/01/2018,06,17.0,17.5,16.8,92,93,92,15.8,16.3,15.5,885.8,886.3,885.7,0.2,182,1.6,-3.54,0.0
A001,14/01/2018,23,17.9,19.5,17.9,87,87,77,15.7,16.3,15.3,886.8,886.8,886.1,0.5,316,1.8,-3.54,0.0
A001,14/01/2018,14,19.6,21.3,19.6,80,84,76,16.0,17.7,16.0,889.9,890.0,889.6,5.9,11,10.1,1965.,0.0
A001,14/01/2018,07,17.6,17.8,16.7,88,92,88,15.7,16.0,15.4,886.0,886.0,885.6,1.3,30,3.0,-3.54,0.0
A001,14/01/2018,15,19.2,19.9,18.2,84,90,78,16.4,16.8,15.8,889.0,889.8,888.9,3.7,7,10.1,1277.,0.6
A001,14/01/2018,00,18.0,18.0,17.6,92,93,91,16.7,16.7,16.2,886.0,886.0,884.7,0.3,159,2.0,-3.54,0.0
A001,14/01/2018,04,17.7,17.8,17.3,92,93,92,16.4,16.5,16.0,887.2,887.4,887.2,0.4,114,1.1,-3.20,0.0
A001,14/01/2018,08,16.8,17.6,16.8,91,91,88,15.4,15.7,15.2,886.5,886.5,886.0,0.8,37,3.0,-3.54,0.0
A001,14/01/2018,16,20.9,21.7,19.2,76,84,70,16.6,17.2,15.5,888.3,889.0,888.3,2.8,334,6.0,2360.,0.0
A001,15/01/2018,20,20.8,21.6,20.7,78,78,71,16.9,16.9,16.1,886.6,886.7,886.4,2.8,3,4.6,452.8,0.0
A001,15/01/2018,22,20.5,21.1,20.5,82,82,77,17.3,17.3,16.9,885.9,886.7,885.9,2.6,157,4.5,54.51,0.0
A001,15/01/2018,00,17.8,18.2,17.8,90,90,87,16.1,16.4,15.6,887.5,887.5,886.8,0.4,263,0.8,-3.54,0.0
A001,15/01/2018,01,18.3,18.5,17.7,88,91,88,16.2,16.7,16.0,888.0,888.0,887.5,0.9,108,1.3,-3.51,0.0
A001,15/01/2018,23,19.7,20.5,19.7,82,82,80,16.7,17.2,16.7,886.6,886.6,885.9,0.5,190,4.8,-3.53,0.0
A001,15/01/2018,02,17.2,18.3,17.2,91,91,88,15.7,16.3,15.5,887.8,888.1,887.8,0.5,313,1.3,-3.53,0.0
A001,15/01/2018,03,17.0,17.2,16.9,92,92,91,15.7,15.9,15.5,887.6,887.9,887.6,0.5,310,1.1,-3.52,0.0
A001,15/01/2018,04,16.6,17.2,16.6,93,93,92,15.4,15.9,15.3,887.3,887.6,887.3,0.5,303,0.9,-3.54,0.0
A001,15/01/2018,05,16.6,16.8,16.5,93,93,93,15.5,15.6,15.3,887.1,887.3,887.1,0.6,131,1.3,-3.54,0.0
A001,15/01/2018,06,17.2,17.2,16.5,93,93,92,16.1,16.1,15.3,886.8,887.1,886.8,0.6,333,1.4,-3.41,0.0
A001,15/01/2018,07,17.1,17.3,17.1,92,93,92,15.8,16.1,15.8,886.7,886.9,886.6,0.5,182,1.0,-2.74,0.0
A001,15/01/2018,08,17.2,17.2,16.9,93,93,92,16.0,16.1,15.6,887.1,887.1,886.7,0.8,142,1.3,-2.65,0.0
A001,15/01/2018,09,17.3,17.7,17.0,91,93,91,15.8,16.4,15.8,887.7,887.7,887.1,0.8,155,1.7,-0.65,0.0
A001,15/01/2018,10,18.2,18.3,17.1,91,92,91,16.8,17.0,15.7,888.2,888.2,887.7,0.6,135,1.2,133.6,0.0
A001,15/01/2018,11,19.9,19.9,18.2,79,91,79,16.1,17.0,15.7,888.6,888.6,888.2,1.4,118,3.0,436.8,0.0
A001,15/01/2018,12,21.2,21.2,19.8,73,80,73,16.2,16.5,15.6,889.0,889.0,888.6,1.5,152,3.2,1063.,0.0
A001,15/01/2018,13,24.3,24.5,21.2,62,74,62,16.7,17.8,15.8,889.3,889.4,889.0,2.8,116,5.3,2799.,0.0
A001,15/01/2018,14,24.8,25.2,23.4,67,68,61,18.3,18.3,16.1,889.2,889.4,889.2,3.0,88,6.3,3118.,0.0
A001,15/01/2018,15,25.3,25.9,24.4,61,70,59,17.2,18.9,17.1,888.6,889.2,888.6,3.8,89,8.1,3605.,0.0
A001,15/01/2018,16,26.9,26.9,24.9,55,63,52,17.0,18.2,16.1,887.6,888.6,887.6,3.8,89,6.9,3342.,0.0
A001,15/01/2018,17,25.4,27.3,25.4,56,58,50,15.9,17.5,15.2,887.2,887.7,887.2,3.6,51,7.6,2134.,0.0
A001,15/01/2018,18,21.3,25.3,20.9,77,81,54,17.2,17.6,15.1,887.3,887.5,887.1,2.5,221,10.5,868.8,0.0
A001,15/01/2018,19,20.7,21.4,19.9,75,84,74,16.0,17.4,16.0,886.5,887.4,886.5,2.0,238,6.0,597.0,0.0
A001,15/01/2018,21,21.0,21.1,20.7,77,81,77,16.9,17.4,16.8,886.6,886.7,886.3,1.7,355,4.7,137.1,0.0
A001,16/01/2018,16,27.3,27.3,25.4,53,62,53,17.0,18.1,16.2,889.0,889.6,888.9,2.3,51,5.6,3347.,0.0
A001,16/01/2018,20,27.5,28.4,26.9,50,51,46,16.3,16.9,14.4,886.1,886.3,886.1,3.6,85,7.9,1651.,0.0
A001,16/01/2018,19,27.9,28.5,27.5,51,52,45,16.8,17.0,15.0,886.2,887.1,886.2,3.4,73,8.0,2922.,0.0
A001,16/01/2018,17,27.0,28.3,26.0,50,56,48,15.7,17.8,15.7,888.2,889.0,888.2,3.4,111,7.7,3250.,0.0
A001,16/01/2018,14,24.8,25.0,22.7,60,70,60,16.6,17.9,16.0,890.1,890.4,890.1,2.6,58,6.0,3399.,0.0
A001,16/01/2018,18,27.6,28.6,26.2,49,55,47,15.8,18.0,15.4,887.1,888.2,887.1,3.6,84,7.7,2871.,0.0
A001,16/01/2018,21,26.3,27.8,26.3,53,55,48,15.9,17.0,15.5,885.7,886.1,885.7,3.6,86,6.5,814.7,0.0
A001,16/01/2018,11,22.3,22.5,19.3,71,81,68,16.8,16.8,15.7,889.2,889.3,888.6,2.8,96,5.0,1164.,0.0
A001,16/01/2018,10,19.3,19.6,17.8,80,86,78,15.8,16.0,15.3,888.6,888.6,887.8,2.0,133,3.3,243.1,0.0
A001,16/01/2018,15,25.4,26.0,24.6,58,66,57,16.5,18.3,16.5,889.6,890.1,889.6,2.7,71,6.2,3867.,0.0
A001,16/01/2018,06,18.7,19.5,18.2,86,88,83,16.4,16.8,16.2,887.3,887.7,887.3,0.8,156,1.9,-3.44,0.0
A001,16/01/2018,12,20.7,22.8,20.7,75,75,68,16.1,17.1,16.1,890.4,890.4,889.2,3.0,46,6.3,1062.,0.0
A001,16/01/2018,05,19.3,19.5,19.0,85,88,83,16.7,17.2,16.5,887.6,888.1,887.6,0.8,170,1.8,-3.44,0.0
A001,16/01/2018,09,18.0,18.3,17.3,85,89,84,15.4,15.7,15.3,887.8,887.8,887.5,1.8,137,2.7,-2.19,0.2
A001,16/01/2018,04,19.2,19.3,18.9,88,90,88,17.2,17.4,17.0,888.1,888.9,888.0,0.8,173,2.2,-3.25,0.0
A001,16/01/2018,13,22.9,22.9,19.7,70,84,69,17.1,17.5,16.0,890.2,890.6,890.2,1.2,66,8.3,2163.,0.0
A001,16/01/2018,03,19.0,19.0,18.6,90,90,89,17.3,17.3,16.8,888.9,889.1,888.9,1.1,187,2.2,-3.36,0.0
A001,16/01/2018,22,25.3,26.4,25.2,57,57,53,16.2,16.3,15.7,886.3,886.3,885.7,3.6,97,6.8,198.8,0.0
A001,16/01/2018,02,19.0,19.7,19.0,89,89,86,17.1,17.3,17.0,889.1,889.1,888.5,1.0,180,3.5,-3.53,0.0
A001,16/01/2018,07,18.0,19.0,18.0,86,86,82,15.6,16.4,15.5,887.4,887.4,887.2,0.4,92,3.0,-3.53,0.0
A001,16/01/2018,01,19.4,19.6,19.0,87,88,86,17.2,17.2,16.8,888.5,888.5,887.3,1.0,173,2.5,-3.53,0.0
A001,16/01/2018,23,23.7,25.3,23.5,64,66,57,16.4,17.1,16.3,886.8,886.8,886.3,3.0,85,6.9,-3.54,0.0
A001,16/01/2018,08,17.3,18.2,17.2,88,88,85,15.3,15.9,15.1,887.5,887.5,887.3,1.0,167,2.1,-3.54,0.0
A001,16/01/2018,00,19.3,19.7,19.1,86,87,82,16.8,17.1,16.5,887.3,887.3,886.6,0.7,294,2.9,-3.53,0.0
A001,17/01/2018,17,27.3,28.2,26.3,35,40,31,10.4,12.3,9.1,887.9,888.5,887.9,4.2,81,11.2,3082.,0.0
A001,17/01/2018,03,18.9,22.2,18.9,83,83,68,15.9,16.5,15.5,888.4,888.6,888.4,0.4,135,3.5,-3.54,0.0
A001,17/01/2018,21,26.1,27.2,26.1,42,43,35,12.2,12.7,10.5,886.0,886.1,885.9,3.9,83,7.2,1042.,0.0
A001,17/01/2018,02,21.1,22.8,20.1,75,79,68,16.5,16.7,16.0,888.6,888.6,888.0,1.4,72,5.8,-3.54,0.0
A001,17/01/2018,22,24.8,26.1,24.7,48,48,41,13.1,13.1,11.6,886.4,886.4,886.0,2.0,115,7.6,114.5,0.0
A001,17/01/2018,04,19.5,20.1,18.6,82,85,81,16.4,17.2,15.8,887.8,888.4,887.8,1.1,164,2.0,-3.54,0.0
A001,17/01/2018,19,27.3,28.3,26.9,37,39,32,11.5,11.9,9.6,886.5,887.4,886.5,3.7,110,8.1,2433.,0.0
A001,17/01/2018,05,18.7,19.6,18.7,84,84,82,15.9,16.5,15.8,887.4,887.8,887.4,1.1,166,2.0,-3.54,0.0
A001,17/01/2018,15,26.8,27.2,25.5,40,54,36,12.2,15.7,10.8,888.7,889.0,888.7,3.1,107,8.2,3988.,0.0
A001,17/01/2018,11,22.4,22.8,21.6,71,72,69,16.8,17.1,16.1,888.6,888.6,887.7,3.5,117,6.3,1194.,0.0
A001,17/01/2018,06,19.9,19.9,18.6,79,85,79,16.1,16.3,15.5,886.7,887.4,886.7,1.5,112,2.3,-3.54,0.0
A001,17/01/2018,13,25.3,25.4,23.7,56,64,53,15.9,16.8,14.5,889.0,889.1,888.8,3.5,89,7.5,2896.,0.0
A001,17/01/2018,14,25.5,26.1,24.7,53,59,49,15.3,16.6,14.4,889.0,889.1,889.0,4.3,89,7.5,3504.,0.0
A001,17/01/2018,10,21.6,21.6,17.6,72,88,72,16.3,16.6,15.3,887.7,887.7,887.3,1.5,117,3.0,350.9,0.0
A001,17/01/2018,07,18.7,20.1,18.6,81,83,77,15.3,16.1,15.2,886.6,886.7,886.5,1.8,139,2.5,-3.54,0.0
A001,17/01/2018,09,17.7,18.8,17.7,86,87,82,15.4,15.9,15.2,887.3,887.3,886.7,0.9,156,2.4,1.043,0.0
A001,17/01/2018,12,24.0,24.0,22.4,63,72,63,16.6,17.4,16.2,888.8,888.9,888.6,3.3,124,8.0,2110.,0.0
A001,17/01/2018,08,17.9,19.3,17.8,86,86,80,15.5,16.0,15.3,886.7,886.7,886.6,0.9,159,3.7,-3.54,0.0
A001,17/01/2018,20,27.3,28.0,26.7,36,39,33,10.7,12.2,10.0,886.0,886.5,886.0,3.6,103,7.5,1819.,0.0
A001,17/01/2018,18,28.2,28.3,26.4,35,39,31,11.2,12.2,9.2,887.4,887.9,887.3,3.3,103,8.5,2755.,0.0
A001,17/01/2018,01,22.6,23.1,22.5,69,71,68,16.7,17.0,16.7,888.0,888.0,887.2,2.6,79,5.8,-3.54,0.0
A001,17/01/2018,23,23.8,24.9,23.8,52,52,47,13.2,13.4,12.6,886.7,886.7,886.4,2.5,99,6.2,-3.54,0.0
A001,17/01/2018,00,23.1,23.7,22.9,68,68,64,16.8,16.9,16.3,887.2,887.2,886.8,3.2,80,5.8,-3.54,0.0
A001,17/01/2018,16,27.8,27.9,26.2,36,46,34,11.6,13.9,10.6,888.5,888.8,888.5,2.7,63,8.4,3535.,0.0
A001,18/01/2018,03,21.1,22.2,21.0,58,59,55,12.5,13.0,12.5,888.2,888.5,888.2,2.3,101,5.7,-3.54,0.0
A001,18/01/2018,22,24.6,25.9,24.5,45,46,38,12.0,12.1,10.9,886.3,886.3,886.0,2.4,92,5.2,158.5,0.0
A001,18/01/2018,15,26.7,27.1,25.5,36,44,36,10.4,12.6,9.8,889.3,889.6,889.3,2.9,56,8.5,3398.,0.0
A001,18/01/2018,00,23.4,23.9,23.1,51,53,50,12.7,13.3,12.7,887.4,887.4,886.7,2.9,93,5.7,-3.54,0.0
A001,18/01/2018,01,22.9,23.4,22.7,52,53,51,12.6,12.7,12.5,888.2,888.2,887.4,3.8,100,6.7,-3.54,0.0
A001,18/01/2018,23,23.4,24.6,23.4,53,53,45,13.2,13.5,12.1,886.5,886.5,886.3,1.9,89,4.1,-3.54,0.0
A001,18/01/2018,02,22.2,22.9,22.0,55,56,52,12.8,12.9,12.5,888.4,888.5,888.2,3.0,94,6.7,-3.54,0.0
A001,18/01/2018,04,20.7,21.3,20.5,57,60,57,11.9,12.6,11.9,887.8,888.2,887.8,1.8,106,4.9,-3.54,0.0
A001,18/01/2018,19,27.5,28.1,26.5,36,38,32,10.9,11.2,9.4,886.5,887.3,886.4,2.9,98,6.7,2689.,0.0
A001,18/01/2018,05,19.7,20.8,19.7,61,61,55,12.1,12.1,11.5,887.7,887.8,887.7,1.6,129,3.7,-3.54,0.0
A001,18/01/2018,16,26.5,27.3,25.8,38,43,34,10.9,13.1,9.6,888.6,889.3,888.6,4.3,68,8.8,2978.,0.0
A001,18/01/2018,06,16.9,19.8,16.9,71,71,58,11.5,12.3,11.3,887.4,887.7,887.4,1.0,107,3.2,-3.54,0.0
A001,18/01/2018,07,17.6,17.6,15.5,77,77,71,13.6,13.6,11.3,887.5,887.5,887.3,0.5,61,1.8,-2.84,0.0
A001,18/01/2018,08,17.9,19.2,17.7,77,78,66,13.9,14.2,12.6,887.6,887.6,887.4,1.0,116,2.2,-1.37,0.0
A001,18/01/2018,17,26.5,27.9,26.4,34,40,32,9.2,12.2,8.8,887.8,888.6,887.8,2.8,31,8.8,2938.,0.0
A001,18/01/2018,09,17.6,17.9,16.8,75,79,74,13.1,14.0,12.5,888.2,888.2,887.6,0.6,288,2.1,-0.38,0.0
A001,18/01/2018,10,19.7,19.7,17.2,74,79,71,14.9,15.2,12.5,888.8,888.8,888.2,0.6,99,1.8,118.2,0.0
A001,18/01/2018,11,23.0,23.0,19.7,48,74,48,11.5,14.5,11.5,889.3,889.3,888.8,0.9,92,2.0,493.5,0.0
A001,18/01/2018,12,23.2,23.8,23.0,48,53,44,11.6,13.0,10.3,890.1,890.1,889.3,3.5,70,7.3,1341.,0.0
A001,18/01/2018,18,28.0,28.0,26.4,34,38,32,10.6,11.6,9.4,887.3,887.8,887.3,2.9,62,6.1,2715.,0.0
A001,18/01/2018,13,24.8,25.2,23.0,46,51,44,12.4,13.3,11.4,890.1,890.1,890.0,4.5,86,7.6,2568.,0.0
A001,18/01/2018,14,26.2,26.6,24.6,41,48,41,12.0,13.5,11.8,889.6,890.2,889.6,3.9,92,8.2,3388.,0.0
A001,18/01/2018,20,26.8,27.8,26.0,37,41,31,11.0,12.0,9.2,886.1,886.5,886.1,2.9,116,7.1,1480.,0.0
A001,18/01/2018,21,25.9,26.8,25.8,39,43,36,10.7,12.5,10.1,886.1,886.2,886.0,2.4,94,5.6,898.1,0.0
A001,19/01/2018,02,20.6,21.6,19.6,66,70,60,14.0,14.3,13.0,888.2,888.2,887.7,1.4,130,2.4,-3.54,0.0
A001,19/01/2018,14,25.8,26.5,25.0,50,54,48,14.6,15.5,14.1,889.5,889.7,889.5,4.5,104,7.6,3462.,0.0
A001,19/01/2018,15,27.0,27.6,25.4,48,54,45,15.1,15.8,13.8,889.0,889.5,889.0,4.3,87,8.3,3937.,0.0
A001,19/01/2018,08,18.1,19.2,16.6,75,80,67,13.5,13.6,12.6,887.6,887.6,887.3,1.7,137,2.4,-3.54,0.0
A001,19/01/2018,16,27.3,28.0,26.5,41,50,39,13.0,15.6,12.4,888.3,889.1,888.3,3.9,74,7.9,4102.,0.0
A001,19/01/2018,17,27.8,28.6,27.1,39,44,36,12.4,14.4,11.8,887.6,888.2,887.6,2.9,70,7.9,3812.,0.0
A001,19/01/2018,10,20.9,20.9,15.6,65,89,64,14.1,14.5,13.6,888.4,888.4,888.0,1.7,146,2.5,318.6,0.0
A001,19/01/2018,22,25.5,26.9,25.5,45,45,38,12.7,13.2,11.3,885.8,885.8,885.6,3.2,109,6.3,145.4,0.0
A001,19/01/2018,05,17.6,18.5,17.3,78,79,74,13.7,14.2,13.5,887.8,888.0,887.7,0.9,177,1.5,-3.54,0.0
A001,19/01/2018,09,15.8,18.7,15.8,88,88,73,13.8,14.2,13.5,888.1,888.1,887.6,0.6,82,2.6,-1.45,0.0
A001,19/01/2018,01,21.1,23.1,20.8,62,63,54,13.5,13.5,12.7,887.7,887.7,886.9,1.1,111,2.8,-3.54,0.0
A001,19/01/2018,23,24.3,25.5,24.2,52,52,45,13.8,13.9,12.7,886.3,886.3,885.8,1.8,118,5.8,-3.54,0.0
A001,19/01/2018,04,18.4,20.1,18.4,75,75,69,13.9,14.4,13.5,888.0,888.2,888.0,0.7,141,2.1,-3.54,0.0
A001,19/01/2018,21,26.7,28.7,26.7,42,42,34,12.7,12.7,10.9,885.8,885.9,885.7,2.3,97,5.8,889.8,0.0
A001,19/01/2018,20,28.7,28.8,27.5,35,39,32,11.8,12.5,10.8,885.9,886.3,885.9,2.4,104,6.5,1590.,0.0
A001,19/01/2018,19,28.3,28.7,26.8,33,42,33,10.4,13.1,10.4,886.3,886.9,886.3,2.7,77,6.9,1979.,0.0
A001,19/01/2018,11,22.3,22.5,20.9,56,66,55,13.2,14.6,12.8,889.1,889.1,888.4,4.5,95,8.4,1185.,0.0
A001,19/01/2018,07,17.1,19.0,17.1,79,80,69,13.4,13.9,13.0,887.3,887.6,887.3,1.1,113,1.8,-3.54,0.0
A001,19/01/2018,03,19.7,20.6,18.8,71,76,66,14.3,14.7,14.1,888.2,888.3,888.1,1.2,150,2.1,-3.54,0.0
A001,19/01/2018,00,23.0,23.5,22.7,54,59,51,13.2,14.2,12.8,886.9,886.9,886.5,1.6,69,3.5,-3.54,0.0
A001,19/01/2018,12,23.6,24.2,22.3,53,58,52,13.5,14.3,13.1,889.4,889.4,889.1,4.2,83,8.4,2096.,0.0
A001,19/01/2018,06,17.8,18.2,17.2,77,81,76,13.6,14.0,13.5,887.6,887.8,887.6,1.0,113,1.4,-3.54,0.0
A001,19/01/2018,13,25.3,25.3,23.6,52,55,51,14.8,15.0,13.7,889.6,889.7,889.4,4.0,86,7.7,2870.,0.0
A001,19/01/2018,18,27.1,29.2,27.1,39,43,36,11.8,13.8,11.8,886.9,887.6,886.9,3.4,57,7.2,3062.,0.0
A001,20/01/2018,02,22.7,23.6,22.7,55,55,51,13.1,13.1,12.8,887.8,887.8,887.4,1.9,112,4.6,-3.54,0.0
A001,20/01/2018,03,22.3,22.7,22.3,56,56,55,13.0,13.2,12.9,887.5,887.9,887.5,1.7,106,4.1,-3.54,0.0
A001,20/01/2018,22,26.1,27.1,26.0,37,37,34,10.2,10.6,9.5,885.3,885.4,885.2,2.0,87,4.9,53.27,0.0
A001,20/01/2018,04,20.0,22.4,20.0,65,65,55,13.2,13.5,12.9,886.9,887.5,886.9,1.3,104,4.1,-3.54,0.0
A001,20/01/2018,05,18.6,20.0,18.5,75,75,65,14.1,14.2,13.1,886.8,887.0,886.8,1.4,130,2.9,-3.54,0.0
A001,20/01/2018,06,21.1,21.1,18.6,60,75,60,13.2,14.1,13.1,886.6,886.8,886.6,1.4,120,2.4,-3.52,0.0
A001,20/01/2018,07,20.0,21.2,17.6,67,79,61,13.7,14.1,13.2,886.3,886.7,886.3,1.6,109,3.1,-3.54,0.0
A001,20/01/2018,00,24.1,24.6,24.1,50,52,49,13.0,13.8,13.0,886.7,886.7,886.3,2.7,97,4.5,-3.54,0.0
A001,20/01/2018,08,16.7,21.1,16.6,82,83,58,13.5,13.9,11.8,886.5,886.6,886.3,0.7,238,3.3,-3.54,0.0
A001,20/01/2018,09,20.6,20.6,16.3,60,84,60,12.5,13.9,12.5,886.7,886.7,886.5,2.5,98,4.5,-2.07,0.0
A001,20/01/2018,01,23.4,24.2,23.4,52,52,50,12.9,13.0,12.9,887.4,887.5,886.7,2.3,105,5.5,-3.54,0.0
A001,20/01/2018,10,22.9,22.9,20.5,54,60,53,13.0,13.5,12.1,887.3,887.3,886.7,0.9,132,4.8,313.0,0.0
A001,20/01/2018,11,22.8,23.0,22.4,54,58,51,13.1,13.7,12.1,888.2,888.2,887.3,3.8,89,7.7,1185.,0.0
A001,20/01/2018,12,24.7,24.9,22.7,49,55,46,13.2,13.5,12.5,888.7,888.7,888.2,4.0,70,8.1,2084.,0.0
A001,20/01/2018,13,26.1,26.3,24.6,42,50,41,12.3,14.0,12.1,888.8,888.8,888.7,4.1,74,8.1,2863.,0.0
A001,20/01/2018,23,24.7,26.2,24.7,42,42,36,10.9,10.9,9.8,885.5,885.5,885.3,1.6,86,3.9,-3.54,0.0
A001,20/01/2018,14,27.4,27.6,26.1,38,44,37,11.9,13.2,11.3,888.9,888.9,888.8,4.0,51,8.6,3440.,0.0
A001,20/01/2018,15,26.6,28.7,26.6,37,41,33,10.7,13.0,10.6,888.4,888.9,888.4,3.3,92,9.1,3661.,0.0
A001,20/01/2018,16,28.4,28.9,26.5,32,39,30,10.0,12.3,9.2,887.6,888.4,887.6,4.0,95,7.5,3488.,0.0
A001,20/01/2018,17,28.1,29.4,27.4,34,36,29,10.7,12.0,9.1,886.8,887.6,886.7,3.7,100,7.8,3190.,0.0
A001,20/01/2018,18,29.6,29.7,28.0,32,35,28,11.1,11.7,8.4,886.3,886.8,886.3,1.8,98,7.7,3393.,0.0
A001,20/01/2018,19,29.0,29.7,28.2,31,33,28,10.0,11.2,8.9,885.4,886.3,885.4,1.9,118,5.6,2665.,0.0
A001,20/01/2018,20,28.1,29.1,27.5,33,35,31,10.2,11.6,9.7,885.4,885.4,885.2,2.1,75,5.9,1014.,0.0
A001,20/01/2018,21,27.1,28.1,27.1,35,36,32,10.4,10.9,9.7,885.2,885.4,885.2,2.2,82,5.5,297.9,0.0
A001,21/01/2018,14,27.7,27.7,25.6,39,45,39,12.3,13.8,11.9,888.0,888.3,888.0,2.0,67,5.3,3356.,0.0
A001,21/01/2018,12,25.4,26.7,24.8,47,49,39,13.4,13.9,11.3,888.3,888.3,887.5,3.5,107,6.4,2053.,0.0
A001,21/01/2018,06,18.0,18.6,17.9,73,73,69,13.0,13.3,12.6,886.5,886.7,886.5,0.9,350,1.8,-3.54,0.0
A001,21/01/2018,15,28.3,28.8,27.2,37,42,33,12.4,13.5,10.5,887.3,888.0,887.3,2.9,73,6.5,3751.,0.0
A001,21/01/2018,10,22.2,22.2,16.8,59,75,59,13.8,15.4,12.0,887.4,887.4,886.9,0.2,148,1.0,266.4,0.0
A001,21/01/2018,07,18.3,18.8,17.8,68,76,66,12.3,13.7,12.1,886.2,886.5,886.2,1.1,70,1.7,-3.53,0.0
A001,21/01/2018,23,25.6,26.7,25.5,45,45,38,12.6,12.6,11.4,884.7,884.7,884.3,2.5,106,4.8,-3.54,0.0
A001,21/01/2018,18,28.4,29.9,28.1,31,35,30,9.5,12.4,9.4,884.8,885.5,884.8,2.7,94,6.8,1790.,0.0
A001,21/01/2018,02,22.8,23.9,22.7,48,49,44,11.3,11.4,10.8,887.0,887.0,886.7,1.6,95,3.8,-3.54,0.0
A001,21/01/2018,01,23.9,24.6,23.8,44,45,41,10.9,11.3,10.6,886.7,886.7,886.1,2.2,103,3.9,-3.54,0.0
A001,21/01/2018,13,25.6,26.0,24.9,43,49,39,12.2,13.6,10.7,888.3,888.4,888.2,3.1,86,6.6,2745.,0.0
A001,21/01/2018,21,28.1,29.5,28.1,34,36,31,10.8,11.9,10.3,883.8,883.8,883.7,3.2,95,6.2,1010.,0.0
A001,21/01/2018,20,29.0,29.9,28.8,31,33,30,10.4,11.7,10.1,883.8,884.1,883.8,3.2,116,8.1,1945.,0.0
A001,21/01/2018,17,28.9,29.8,27.8,33,35,28,11.0,11.7,8.8,885.5,886.4,885.5,1.8,73,6.7,2454.,0.0
A001,21/01/2018,19,29.6,30.6,28.3,30,34,28,10.4,11.9,9.6,884.1,884.8,884.1,3.5,136,6.5,2741.,0.0
A001,21/01/2018,03,19.1,22.8,18.5,64,69,48,12.1,12.9,11.3,886.8,887.1,886.8,0.4,276,2.6,-3.54,0.0
A001,21/01/2018,00,24.2,24.8,23.4,44,49,42,11.1,12.1,10.7,886.1,886.1,885.5,1.4,94,3.1,-3.54,0.0
A001,21/01/2018,16,29.4,29.7,28.1,29,37,26,9.5,12.3,7.8,886.4,887.3,886.4,1.6,62,6.5,4035.,0.0
A001,21/01/2018,08,16.8,19.4,16.8,76,77,60,12.4,12.7,11.4,886.6,886.6,886.2,0.9,331,2.3,-3.54,0.0
A001,21/01/2018,22,26.7,28.1,26.7,38,39,34,11.4,11.4,10.7,884.3,884.3,883.8,2.5,108,6.2,164.9,0.0
A001,21/01/2018,04,18.9,21.0,18.7,68,70,58,12.7,13.1,12.0,886.9,886.9,886.7,0.5,42,3.2,-3.54,0.0
A001,21/01/2018,11,25.5,25.8,22.3,47,59,42,13.3,14.0,10.7,887.6,887.6,887.3,0.6,210,1.4,1119.,0.0
A001,21/01/2018,09,16.8,17.0,16.1,75,77,74,12.4,12.7,11.9,886.9,886.9,886.6,0.5,284,1.5,-1.45,0.0
A001,21/01/2018,05,18.6,19.1,18.6,69,70,67,12.8,13.4,12.7,886.7,886.9,886.7,0.7,20,1.1,-3.54,0.0
A001,22/01/2018,21,28.0,29.2,28.0,26,29,26,6.7,9.0,6.7,882.8,883.0,882.7,2.9,100,8.1,915.5,0.0
A001,22/01/2018,13,26.7,26.7,25.8,45,47,43,13.8,14.2,12.5,886.8,886.9,886.7,4.4,72,8.2,2854.,0.0
A001,22/01/2018,14,27.9,28.0,26.3,37,47,36,11.9,14.0,11.3,886.4,886.8,886.4,3.8,53,7.8,3436.,0.0
A001,22/01/2018,15,28.4,28.9,27.3,35,41,31,11.3,13.2,9.9,885.9,886.4,885.9,3.9,75,7.9,3817.,0.0
A001,22/01/2018,20,29.0,29.5,28.3,27,29,26,8.2,9.4,7.5,883.0,883.5,883.0,2.9,83,8.1,1874.,0.0
A001,22/01/2018,19,29.4,30.6,28.4,28,31,25,8.7,10.8,7.4,883.5,884.2,883.4,4.1,64,6.8,2265.,0.0
A001,22/01/2018,16,29.2,29.6,28.1,32,37,30,11.0,12.8,10.0,885.4,885.9,885.4,2.5,59,8.1,3511.,0.0
A001,22/01/2018,17,30.1,30.4,27.9,29,35,29,10.2,12.0,8.8,884.8,885.5,884.7,2.9,113,8.2,2659.,0.0
A001,22/01/2018,18,30.4,30.8,28.2,27,32,27,9.4,12.0,8.3,884.2,884.7,884.2,2.0,79,9.0,2575.,0.0
A001,22/01/2018,23,25.3,26.7,25.2,35,35,30,8.9,8.9,7.5,883.9,883.9,883.1,1.8,95,5.8,-3.54,0.0
A001,22/01/2018,00,24.8,25.6,24.8,47,48,45,12.9,13.0,12.6,885.1,885.1,884.7,2.2,94,4.8,-3.54,0.0
A001,22/01/2018,01,23.7,25.1,23.7,53,53,45,13.5,13.5,12.5,885.8,885.8,885.1,1.8,53,4.5,-3.54,0.0
A001,22/01/2018,02,20.7,23.6,20.7,66,66,53,14.1,14.4,13.4,886.2,886.3,885.8,1.0,41,3.1,-3.54,0.0
A001,22/01/2018,03,22.2,22.4,20.6,62,67,61,14.5,14.7,14.1,885.9,886.2,885.9,1.4,35,3.0,-3.54,0.0
A001,22/01/2018,04,20.5,22.2,20.3,68,68,62,14.4,14.7,14.1,885.6,885.9,885.6,2.0,314,3.4,-3.54,0.0
A001,22/01/2018,05,19.8,20.5,19.5,74,76,68,15.1,15.4,14.3,884.9,885.6,884.9,2.1,343,3.4,-3.54,0.0
A001,22/01/2018,06,17.9,19.9,17.9,84,84,74,15.0,15.3,15.0,884.6,884.9,884.6,0.7,277,3.0,-3.54,0.0
A001,22/01/2018,07,17.8,17.9,17.3,84,86,84,15.1,15.2,14.9,884.4,884.7,884.4,1.0,294,1.6,-3.54,0.0
A001,22/01/2018,08,17.9,17.9,17.2,84,86,84,15.2,15.2,14.5,884.7,884.7,884.4,0.8,239,1.4,-3.54,0.0
A001,22/01/2018,09,17.8,18.0,17.4,84,86,82,15.1,15.4,14.6,885.1,885.1,884.7,0.6,86,1.4,0.844,0.0
A001,22/01/2018,10,21.4,21.4,17.6,74,86,74,16.5,17.1,14.8,885.6,885.6,885.1,0.7,21,1.5,312.5,0.0
A001,22/01/2018,22,26.7,28.0,26.4,30,30,26,7.5,7.5,6.4,883.1,883.2,882.8,3.4,99,6.2,158.2,0.0
A001,22/01/2018,11,24.5,25.1,21.4,55,74,53,14.9,16.6,14.1,886.1,886.1,885.6,1.7,9,2.8,1147.,0.0
A001,22/01/2018,12,26.1,26.2,24.5,46,55,44,13.7,14.6,12.7,886.7,886.7,886.1,3.5,69,6.3,2080.,0.0
A001,23/01/2018,15,29.2,29.5,27.7,31,37,29,10.2,12.0,9.2,886.2,886.9,886.1,2.5,108,6.7,3840.,0.0
A001,23/01/2018,22,27.0,28.4,26.9,35,36,29,10.3,10.4,8.3,883.5,883.5,882.9,2.5,119,6.0,167.3,0.0
A001,23/01/2018,00,24.4,25.4,24.2,40,40,35,9.8,10.0,8.8,884.8,884.8,883.9,1.7,108,3.2,-3.54,0.0
A001,23/01/2018,23,25.8,27.0,25.8,38,38,35,10.5,10.8,10.1,884.2,884.2,883.6,2.0,118,4.6,-3.54,0.0
A001,23/01/2018,01,23.8,24.8,23.8,42,42,38,9.9,9.9,9.6,885.4,885.4,884.8,2.0,101,4.1,-3.54,0.0
A001,23/01/2018,02,22.3,24.2,22.3,48,48,40,10.6,10.6,9.8,885.6,885.6,885.4,1.2,102,4.1,-3.54,0.0
A001,23/01/2018,03,22.6,23.3,21.1,45,53,43,10.0,11.5,9.8,885.5,885.6,885.5,1.7,103,3.1,-3.54,0.0
A001,23/01/2018,04,21.3,22.8,21.3,51,51,44,10.8,10.8,9.9,885.0,885.5,885.0,1.5,99,3.5,-3.54,0.0
A001,23/01/2018,05,19.8,21.3,19.0,58,61,50,11.3,11.3,10.5,884.5,885.0,884.5,1.5,97,2.9,-3.54,0.0
A001,23/01/2018,06,18.9,19.9,18.2,62,65,58,11.4,11.8,11.0,884.4,884.5,884.3,1.3,117,2.9,-3.54,0.0
A001,23/01/2018,07,17.0,18.8,16.8,71,72,62,11.6,11.9,11.4,884.6,884.6,884.4,0.4,308,2.3,-3.54,0.0
A001,23/01/2018,08,16.4,17.0,16.1,74,75,71,11.7,12.0,11.5,885.0,885.0,884.6,1.0,317,1.4,-3.54,0.0
A001,23/01/2018,09,17.0,17.2,16.1,68,75,68,11.1,11.8,11.1,885.4,885.4,885.0,0.3,10,1.4,-1.52,0.0
A001,23/01/2018,10,22.0,22.0,16.6,53,70,53,12.1,13.6,10.9,886.2,886.2,885.4,0.9,88,1.7,299.0,0.0
A001,23/01/2018,11,24.8,24.8,22.1,40,54,40,10.2,12.8,9.9,886.7,886.7,886.2,2.2,44,4.3,1147.,0.0
A001,23/01/2018,12,25.5,25.7,24.6,41,41,37,11.3,11.3,9.7,887.2,887.2,886.7,4.0,91,6.9,1933.,0.0
A001,23/01/2018,13,27.0,27.2,25.2,39,42,37,12.0,12.4,10.6,887.0,887.2,886.9,2.8,58,7.0,2854.,0.0
A001,23/01/2018,14,28.0,28.2,26.7,36,41,33,11.6,12.3,10.0,886.9,887.0,886.9,3.3,48,7.0,3459.,0.0
A001,23/01/2018,16,29.6,30.1,28.5,30,33,28,10.0,11.4,8.7,885.6,886.2,885.6,4.0,103,6.7,3985.,0.0
A001,23/01/2018,17,29.4,30.4,28.9,27,31,26,8.5,10.9,8.5,884.7,885.6,884.7,2.7,79,7.8,3576.,0.0
A001,23/01/2018,18,30.2,30.8,28.9,26,30,23,8.5,10.4,6.9,884.1,884.7,884.1,3.2,73,7.0,3240.,0.0
A001,23/01/2018,19,29.8,30.6,29.6,27,28,24,8.6,9.5,7.1,883.3,884.1,883.3,3.3,75,6.9,2770.,0.0
A001,23/01/2018,20,29.3,30.3,29.1,28,29,26,8.7,9.8,8.2,882.8,883.3,882.7,4.0,107,8.1,1836.,0.0
A001,23/01/2018,21,28.4,29.6,28.4,31,31,27,9.5,9.5,8.3,882.9,882.9,882.7,2.8,111,8.1,1020.,0.0
A001,24/01/2018,12,23.5,23.7,22.1,64,69,63,16.3,16.7,15.9,888.0,888.0,887.4,4.0,80,8.9,1979.,0.0
A001,24/01/2018,13,24.8,25.3,23.4,58,65,57,16.1,17.2,15.9,888.0,888.0,887.9,3.2,96,7.0,2584.,0.0
A001,24/01/2018,00,25.4,25.8,25.1,40,41,38,11.0,11.1,10.6,884.7,884.7,884.2,2.3,105,4.1,-3.54,0.0
A001,24/01/2018,14,26.0,26.2,24.7,53,60,53,15.7,16.9,15.5,887.4,888.0,887.4,3.9,67,9.1,3245.,0.0
A001,24/01/2018,20,29.0,29.8,28.5,38,39,34,13.0,13.7,11.9,882.8,883.4,882.7,2.5,98,6.6,1835.,0.0
A001,24/01/2018,09,20.4,21.1,20.4,71,71,65,14.9,14.9,14.4,885.7,885.7,885.4,3.0,104,6.0,-2.87,0.0
A001,24/01/2018,15,27.4,27.7,26.0,49,54,46,15.6,16.2,14.6,886.7,887.4,886.7,3.5,59,7.9,3655.,0.0
A001,24/01/2018,07,22.2,23.3,22.2,57,57,52,13.4,13.4,12.8,884.9,885.0,884.9,1.7,125,4.1,-3.54,0.0
A001,24/01/2018,16,27.6,28.8,27.4,44,49,41,14.3,15.8,13.6,885.9,886.7,885.9,3.0,117,6.8,3747.,0.0
A001,24/01/2018,06,23.3,23.4,22.7,52,55,51,12.9,13.1,12.7,885.0,885.0,884.9,1.8,115,3.6,-3.54,0.0
A001,24/01/2018,21,27.7,29.0,27.7,42,43,37,13.5,13.9,12.5,883.1,883.1,882.8,1.8,103,5.8,246.1,0.0
A001,24/01/2018,17,29.3,29.4,27.6,39,46,38,13.7,15.8,13.0,884.8,885.9,884.8,1.9,101,5.9,3256.,0.0
A001,24/01/2018,10,21.3,21.4,20.3,69,72,69,15.5,15.5,14.9,886.4,886.4,885.7,3.1,105,5.6,276.0,0.0
A001,24/01/2018,03,23.7,23.8,23.3,51,52,50,12.9,12.9,12.8,885.7,886.1,885.7,2.2,108,3.9,-3.54,0.0
A001,24/01/2018,22,23.4,27.8,23.4,63,63,41,16.0,16.0,13.2,883.8,883.8,883.0,3.2,277,6.3,18.37,0.0
A001,24/01/2018,05,23.0,23.2,22.7,53,53,52,12.9,12.9,12.7,884.9,885.4,884.9,1.6,116,3.4,-3.54,0.0
A001,24/01/2018,02,23.9,24.3,23.1,51,52,49,13.0,13.1,12.4,886.0,886.1,885.7,1.7,123,3.2,-3.54,0.0
A001,24/01/2018,11,22.4,22.4,21.3,68,70,68,16.2,16.4,15.5,887.4,887.4,886.4,4.3,85,7.1,1105.,0.0
A001,24/01/2018,01,23.4,25.5,23.4,50,50,40,12.4,12.5,10.9,885.7,885.7,884.7,1.4,124,4.1,-3.54,0.0
A001,24/01/2018,18,28.9,29.8,28.3,39,43,38,13.7,15.0,13.2,884.0,884.8,883.9,2.2,61,6.2,2767.,0.0
A001,24/01/2018,23,22.1,23.4,21.9,72,72,63,16.7,16.7,16.0,884.3,884.4,883.8,1.1,349,6.2,-3.53,0.0
A001,24/01/2018,04,23.2,23.7,23.2,52,52,50,12.8,12.9,12.7,885.4,885.7,885.4,1.9,115,4.2,-3.54,0.0
A001,24/01/2018,19,28.9,29.8,28.1,37,42,35,12.6,14.2,12.1,883.3,884.0,883.3,2.1,121,5.5,1650.,0.0
A001,24/01/2018,08,21.1,22.3,21.1,65,65,57,14.3,14.3,13.3,885.4,885.4,884.9,3.2,113,7.5,-3.54,0.0
A001,25/01/2018,01,21.5,21.6,20.9,71,73,70,16.0,16.4,15.7,885.7,885.8,884.9,1.3,299,3.2,-3.54,0.0
A001,25/01/2018,13,24.9,24.9,23.0,64,74,61,17.6,18.2,16.3,886.0,886.1,886.0,2.6,135,4.7,2072.,0.0
A001,25/01/2018,02,22.0,22.3,21.4,69,74,67,15.9,16.7,15.8,885.8,886.1,885.7,1.8,242,3.7,-2.97,0.0
A001,25/01/2018,14,21.6,25.0,21.6,80,80,61,18.1,18.3,16.8,886.1,886.2,886.0,3.6,163,6.8,1392.,0.0
A001,25/01/2018,22,22.1,22.4,22.1,75,77,74,17.5,17.9,17.3,883.0,883.0,882.7,1.2,59,3.3,137.6,0.0
A001,25/01/2018,11,20.8,20.8,19.8,86,90,86,18.5,18.5,17.8,885.7,885.7,885.3,0.6,287,2.8,485.1,0.2
A001,25/01/2018,20,25.8,26.4,24.5,55,65,53,16.1,17.7,15.5,882.7,883.0,882.5,1.5,300,3.3,1801.,0.0
A001,25/01/2018,03,20.9,22.0,20.9,77,77,69,16.8,16.8,15.8,885.5,885.9,885.5,2.1,224,5.5,-3.54,0.0
A001,25/01/2018,12,23.1,23.2,20.9,72,86,68,17.8,18.5,16.7,886.0,886.0,885.6,1.8,150,3.2,1201.,0.0
A001,25/01/2018,19,24.5,25.2,24.0,62,68,61,16.8,18.1,16.7,883.0,883.9,883.0,1.3,13,4.0,2037.,0.0
A001,25/01/2018,04,19.7,21.3,19.5,89,89,76,17.9,17.9,16.8,885.0,885.6,884.9,0.8,245,4.8,-2.88,3.8
A001,25/01/2018,17,21.9,22.2,19.6,80,91,79,18.3,19.2,17.7,884.6,885.8,884.6,0.7,291,3.8,1357.,1.2
A001,25/01/2018,05,19.2,20.1,19.2,90,91,89,17.5,18.3,17.5,884.6,885.2,884.5,1.9,284,3.3,-3.16,1.0
A001,25/01/2018,06,19.5,19.8,19.0,86,91,85,17.2,18.1,17.1,885.0,885.0,884.6,3.2,182,8.6,-1.71,0.0
A001,25/01/2018,16,19.7,19.8,19.5,91,91,88,18.1,18.1,17.5,885.8,886.1,885.5,2.0,151,6.5,637.1,0.8
A001,25/01/2018,07,18.8,19.6,18.8,92,92,86,17.5,17.6,17.2,884.8,885.0,884.8,3.7,210,7.2,-2.84,3.2
A001,25/01/2018,18,24.6,24.6,21.7,65,82,63,17.5,19.1,17.1,883.9,884.6,883.9,1.0,332,3.8,2890.,0.0
A001,25/01/2018,08,18.7,18.8,18.7,93,93,92,17.5,17.6,17.5,884.7,884.8,884.6,2.6,222,6.8,-2.79,0.8
A001,25/01/2018,15,19.6,21.7,19.5,89,89,80,17.8,18.7,17.2,886.1,886.3,885.9,3.8,163,9.9,963.2,0.0
A001,25/01/2018,21,22.4,25.8,22.3,76,76,55,17.9,18.4,17.3,882.9,882.9,882.7,1.7,46,5.7,402.1,0.0
A001,25/01/2018,00,21.5,22.1,21.4,70,72,68,15.8,16.7,15.5,884.9,884.9,884.3,1.9,321,4.0,-3.54,0.0
A001,25/01/2018,09,19.2,19.2,18.7,91,93,91,17.6,17.6,17.4,884.9,885.0,884.7,1.2,183,4.3,-0.92,0.0
A001,25/01/2018,23,21.9,22.1,21.8,75,76,73,17.1,17.5,16.9,883.3,883.3,882.9,0.9,105,2.8,-3.54,0.2
A001,25/01/2018,10,20.1,20.1,19.2,90,91,88,18.3,18.3,17.6,885.3,885.3,884.9,1.2,316,2.4,138.3,0.0
A001,26/01/2018,03,19.7,20.0,19.3,90,90,88,18.0,18.1,17.5,884.4,884.8,884.3,1.0,360,1.8,-3.43,0.0
A001,26/01/2018,00,21.7,21.9,21.7,73,75,72,16.7,17.3,16.6,884.0,884.0,883.2,1.4,70,3.3,-3.53,0.0
A001,26/01/2018,01,20.4,21.8,20.2,87,87,71,18.2,18.3,16.3,884.4,884.4,884.0,0.7,47,3.3,-3.54,0.0
A001,26/01/2018,23,18.5,18.9,18.5,92,93,92,17.2,17.7,17.2,884.6,884.6,883.3,1.1,75,5.9,-1.88,0.4
A001,26/01/2018,02,19.4,20.8,19.2,89,89,81,17.5,18.2,17.1,884.7,884.8,884.4,0.8,271,2.1,-3.54,0.0
A001,26/01/2018,04,19.9,19.9,19.4,85,90,85,17.3,17.9,17.3,884.0,884.4,884.0,1.2,348,2.1,-3.52,0.0
A001,26/01/2018,05,20.0,20.3,19.8,79,85,79,16.3,17.3,16.3,883.6,884.0,883.6,1.6,7,2.6,-3.45,0.0
A001,26/01/2018,06,19.5,20.0,19.4,83,84,78,16.6,16.7,16.1,883.2,883.6,883.2,1.3,359,3.0,-2.95,0.0
A001,26/01/2018,07,19.5,19.7,19.3,86,86,82,17.0,17.0,16.4,882.9,883.2,882.9,0.8,344,1.9,-2.86,0.0
A001,26/01/2018,08,19.4,19.7,19.1,87,88,85,17.1,17.4,17.0,883.4,883.4,882.8,1.1,323,1.8,-3.12,0.0
A001,26/01/2018,09,19.6,19.7,19.3,86,88,86,17.3,17.3,17.0,884.2,884.2,883.4,0.9,116,3.1,-2.96,0.0
A001,26/01/2018,10,20.4,20.4,19.5,82,89,82,17.1,18.0,17.1,884.8,884.8,884.2,0.8,28,1.6,84.72,0.0
A001,26/01/2018,11,21.5,21.5,20.4,76,82,75,17.1,17.4,16.8,885.2,885.2,884.8,0.9,108,1.6,540.8,0.0
A001,26/01/2018,12,21.7,21.7,20.7,80,85,76,18.0,18.4,17.1,885.8,885.8,885.2,1.5,54,2.9,753.6,0.0
A001,26/01/2018,13,22.8,22.9,21.6,71,81,71,17.2,18.6,17.2,885.8,885.9,885.7,1.6,351,3.9,1478.,0.0
A001,26/01/2018,14,23.5,23.9,22.7,68,74,65,17.2,18.4,16.6,885.6,885.9,885.6,2.1,341,4.0,1619.,0.0
A001,26/01/2018,15,22.3,23.6,21.7,74,83,68,17.6,19.3,17.0,885.1,885.6,885.1,3.0,210,4.8,1360.,0.0
A001,26/01/2018,16,20.7,23.4,20.2,85,86,72,18.2,18.7,16.5,884.5,885.1,884.4,1.0,153,4.8,1136.,1.8
A001,26/01/2018,17,22.5,22.9,20.7,75,86,74,17.8,19.2,17.6,883.6,884.5,883.6,1.5,180,2.7,1273.,0.0
A001,26/01/2018,18,24.6,24.6,22.5,67,78,64,18.0,19.0,17.3,882.7,883.6,882.7,2.2,161,3.8,2331.,0.0
A001,26/01/2018,19,25.6,26.8,24.5,61,67,53,17.5,18.1,16.4,882.0,882.7,882.0,2.5,79,4.4,2797.,0.0
A001,26/01/2018,20,24.1,25.8,24.0,67,70,61,17.7,18.5,17.3,882.1,882.1,881.4,3.1,92,5.5,871.1,0.0
A001,26/01/2018,21,19.3,24.1,19.3,88,88,67,17.3,18.0,17.2,883.1,883.1,882.1,1.5,332,9.5,135.9,0.0
A001,26/01/2018,22,18.9,19.5,18.8,93,93,88,17.7,17.9,17.4,883.4,883.5,883.1,3.3,333,5.9,4.520,11.0
A001,27/01/2018,12,22.2,22.5,20.9,77,83,76,17.9,19.0,17.5,885.4,885.4,884.9,2.5,319,6.0,1423.,0.0
A001,27/01/2018,21,21.7,22.2,21.1,83,87,80,18.7,19.2,18.3,882.6,882.6,881.8,1.0,285,2.6,523.5,0.0
A001,27/01/2018,03,19.0,19.3,19.0,93,94,93,17.7,18.2,17.7,884.2,885.1,884.2,0.5,167,1.7,-3.01,0.0
A001,27/01/2018,13,22.6,23.1,21.8,74,80,72,17.8,18.7,17.6,885.6,885.6,885.4,2.5,314,5.1,1578.,0.0
A001,27/01/2018,02,19.1,19.1,18.8,93,93,93,18.0,18.0,17.6,885.1,885.3,885.1,0.5,45,1.5,-2.66,0.0
A001,27/01/2018,14,24.1,24.3,22.6,69,76,67,18.1,19.0,17.4,885.4,885.6,885.4,2.9,329,5.9,2761.,0.0
A001,27/01/2018,00,18.8,19.0,18.5,92,92,92,17.5,17.7,17.2,885.0,885.0,884.6,1.1,35,2.3,-2.20,5.2
A001,27/01/2018,07,18.4,18.5,18.2,93,94,93,17.3,17.4,17.2,883.4,883.4,883.1,0.8,307,1.9,-1.57,0.0
A001,27/01/2018,04,18.3,18.9,18.3,93,93,93,17.2,17.7,17.2,883.6,884.2,883.6,1.0,329,1.3,-2.81,0.0
A001,27/01/2018,22,20.4,21.8,20.4,90,90,83,18.6,19.1,18.6,882.7,882.7,882.3,1.8,2,5.7,132.0,0.0
A001,27/01/2018,08,18.5,18.6,18.4,93,94,93,17.4,17.5,17.3,883.4,883.5,883.4,1.2,9,1.8,-1.92,0.0
A001,27/01/2018,06,18.2,18.3,18.0,94,94,94,17.2,17.3,17.0,883.1,883.4,883.1,1.0,319,2.5,-1.68,0.0
A001,27/01/2018,19,19.7,25.3,19.4,93,93,62,18.5,18.7,17.3,882.5,883.4,882.5,2.4,129,10.2,149.7,25.6
A001,27/01/2018,09,18.3,18.5,18.2,93,93,93,17.2,17.4,17.0,884.0,884.0,883.4,1.4,339,2.2,-1.73,0.0
A001,27/01/2018,01,18.8,18.9,18.7,93,93,92,17.7,17.7,17.5,885.2,885.2,885.0,0.8,344,2.4,-1.81,1.6
A001,27/01/2018,18,25.3,27.6,25.3,62,62,51,17.4,17.7,15.8,882.5,883.0,882.3,2.3,336,5.5,783.5,0.0
A001,27/01/2018,05,18.0,18.7,18.0,94,94,93,17.0,17.6,17.0,883.2,883.6,883.2,1.7,328,2.6,-3.44,0.0
A001,27/01/2018,10,20.2,20.3,18.3,85,93,85,17.6,18.0,17.2,884.6,884.6,884.0,2.5,347,4.8,357.1,0.0
A001,27/01/2018,17,26.7,27.6,25.2,53,63,51,16.2,18.1,16.1,883.0,884.2,883.0,2.9,343,6.8,3255.,0.0
A001,27/01/2018,16,25.9,26.7,24.4,57,67,57,16.7,18.5,16.7,884.2,884.9,884.2,2.7,298,6.4,3173.,0.0
A001,27/01/2018,15,24.9,26.1,24.1,64,70,59,17.7,18.9,16.5,884.9,885.4,884.9,2.8,322,5.9,3753.,0.0
A001,27/01/2018,23,20.0,20.5,19.8,91,91,89,18.5,18.7,18.2,883.5,883.5,882.7,1.5,326,3.1,-3.53,0.0
A001,27/01/2018,11,21.6,21.7,20.2,81,86,81,18.1,18.8,17.5,885.0,885.0,884.5,2.6,355,4.8,1044.,0.0
A001,27/01/2018,20,21.3,21.3,19.6,84,93,84,18.4,19.1,18.3,882.3,882.5,882.2,1.3,215,4.0,410.1,0.0
A001,28/01/2018,12,21.4,21.4,19.5,78,86,77,17.3,17.8,17.1,885.6,885.6,885.3,2.4,355,4.3,948.2,0.0
A001,28/01/2018,01,19.5,19.9,19.3,91,91,90,18.0,18.3,17.7,884.8,884.8,884.1,1.2,329,2.2,-3.43,0.0
A001,28/01/2018,22,22.2,22.7,22.2,74,76,72,17.3,17.9,17.3,883.3,883.3,882.0,2.6,14,4.2,86.10,0.0
A001,28/01/2018,23,21.6,22.2,21.5,76,77,74,17.3,17.6,17.2,883.7,883.7,883.3,2.5,336,5.2,-3.36,0.0
A001,28/01/2018,02,19.8,20.0,19.5,92,92,91,18.4,18.6,18.1,885.0,885.0,884.8,0.4,153,2.0,-2.94,0.0
A001,28/01/2018,04,18.7,18.9,18.5,93,93,93,17.6,17.8,17.3,884.3,884.8,884.3,0.2,75,1.4,-3.48,0.0
A001,28/01/2018,05,18.3,18.9,18.3,93,94,93,17.2,17.9,17.1,883.7,884.3,883.7,1.0,358,1.7,-3.41,0.0
A001,28/01/2018,06,18.6,18.7,18.3,93,94,93,17.4,17.6,17.3,883.5,883.7,883.5,1.3,323,2.3,-3.45,0.0
A001,28/01/2018,07,18.8,18.8,18.1,93,93,92,17.7,17.7,16.9,883.7,883.7,883.4,1.8,78,2.6,-2.99,0.2
A001,28/01/2018,08,19.3,19.7,18.8,91,93,89,17.8,18.3,17.7,883.8,883.8,883.6,3.2,74,5.5,-2.04,0.0
A001,28/01/2018,09,18.9,19.3,18.9,88,92,88,16.9,17.8,16.9,884.1,884.1,883.8,3.3,49,8.2,0.046,0.0
A001,28/01/2018,10,18.9,18.9,18.7,88,88,87,16.8,16.9,16.6,884.8,884.8,884.1,2.5,44,6.4,122.8,0.0
A001,28/01/2018,11,19.5,19.7,18.9,85,88,85,17.0,17.4,16.8,885.4,885.4,884.8,2.1,326,5.0,399.5,0.0
A001,28/01/2018,13,23.3,23.5,21.4,68,80,66,17.2,18.1,16.1,886.0,886.0,885.6,1.4,1,5.7,1929.,0.0
A001,28/01/2018,14,23.6,24.0,23.0,70,72,63,17.7,18.1,15.7,886.2,886.2,886.0,3.6,354,5.8,2561.,0.0
A001,28/01/2018,15,24.3,25.3,23.3,63,73,63,16.9,19.0,16.9,885.5,886.2,885.5,3.5,3,5.9,3671.,0.0
A001,28/01/2018,16,24.5,25.5,23.9,63,70,60,16.9,18.5,16.4,884.9,885.5,884.9,3.4,18,7.5,3278.,0.0
A001,28/01/2018,17,25.3,26.3,24.2,60,67,58,16.9,18.7,16.1,883.7,884.9,883.7,3.2,340,7.7,3470.,0.0
A001,28/01/2018,18,26.1,26.4,24.8,59,64,57,17.4,18.2,16.6,883.0,883.7,883.0,3.0,320,7.5,3114.,0.0
A001,28/01/2018,19,23.4,26.6,23.4,69,69,56,17.3,18.2,16.3,882.5,883.0,882.3,4.8,14,10.9,2062.,0.0
A001,28/01/2018,20,24.4,24.4,21.7,64,77,63,17.1,18.0,16.7,882.1,882.6,882.1,3.5,3,10.9,707.0,0.0
A001,28/01/2018,21,22.7,24.5,22.7,72,74,62,17.5,17.8,16.2,882.0,882.1,881.8,2.6,331,5.5,382.8,0.0
A001,28/01/2018,03,18.7,19.8,18.7,93,93,92,17.5,18.4,17.4,884.8,885.0,884.6,0.7,310,1.1,-3.53,0.0
A001,28/01/2018,00,19.6,20.1,19.6,90,91,90,18.0,18.5,18.0,884.1,884.1,883.5,1.2,354,2.4,-3.52,0.0
A001,29/01/2018,19,23.4,27.2,22.8,75,78,57,18.6,19.1,17.0,881.2,881.7,881.1,2.8,36,8.1,850.0,0.6
A001,29/01/2018,14,24.3,25.2,23.3,65,70,63,17.2,18.3,16.7,885.3,885.5,885.3,2.9,325,6.1,1552.,0.0
A001,29/01/2018,03,20.2,20.2,19.8,85,86,84,17.5,17.5,17.3,884.5,885.2,884.5,1.6,322,3.0,-3.44,0.0
A001,29/01/2018,15,23.3,26.7,23.3,75,75,57,18.5,18.6,16.8,884.4,885.3,884.4,2.8,5,6.7,2577.,0.0
A001,29/01/2018,16,26.9,27.9,22.9,53,81,49,16.6,19.7,15.2,883.4,884.4,883.4,3.3,334,6.9,2931.,0.0
A001,29/01/2018,05,20.2,20.2,20.0,86,86,85,17.8,17.8,17.4,884.0,884.4,883.9,1.4,321,3.2,-3.19,0.0
A001,29/01/2018,17,26.0,26.9,24.3,60,68,53,17.6,19.3,16.4,882.4,883.4,882.4,3.1,315,6.9,1732.,0.2
A001,29/01/2018,18,26.1,27.6,25.7,60,64,51,17.8,19.3,16.0,881.7,882.4,881.6,1.9,84,5.6,2042.,0.0
A001,29/01/2018,23,20.1,20.5,20.1,89,89,85,18.2,18.2,17.8,882.7,882.7,882.2,2.2,314,5.2,-3.12,0.0
A001,29/01/2018,08,19.5,19.9,19.5,90,90,89,17.9,18.0,17.9,883.5,883.5,883.3,1.1,322,3.9,-2.73,0.0
A001,29/01/2018,02,20.2,20.9,19.8,84,85,80,17.5,17.5,17.1,885.1,885.1,884.8,1.6,333,2.9,-3.54,0.0
A001,29/01/2018,09,19.2,19.5,19.2,91,91,90,17.7,17.9,17.7,883.9,883.9,883.5,1.6,300,2.8,-2.93,0.0
A001,29/01/2018,01,20.9,21.4,20.9,80,80,77,17.4,17.4,17.2,884.8,884.8,884.2,1.8,346,4.0,-3.51,0.0
A001,29/01/2018,06,19.8,20.2,19.8,88,88,86,17.8,17.8,17.7,883.4,884.0,883.4,1.5,298,3.6,-3.14,0.0
A001,29/01/2018,22,20.5,20.8,20.3,85,86,82,17.9,18.0,17.6,882.2,882.2,881.5,3.1,355,6.0,7.378,0.0
A001,29/01/2018,10,20.0,20.4,19.2,88,92,88,18.0,18.5,17.7,884.5,884.5,883.8,1.6,308,3.0,237.9,0.0
A001,29/01/2018,21,20.7,21.4,20.6,82,84,81,17.6,18.4,17.3,881.5,881.9,881.5,2.6,323,5.6,28.25,0.0
A001,29/01/2018,00,21.3,21.7,21.3,78,79,76,17.3,17.5,17.2,884.2,884.2,883.7,2.4,354,5.2,-2.89,0.0
A001,29/01/2018,11,21.6,21.6,20.0,82,89,82,18.3,18.5,17.8,885.0,885.0,884.5,1.6,293,3.8,691.6,0.0
A001,29/01/2018,20,21.4,23.4,21.4,81,84,73,18.1,19.1,18.0,881.5,881.5,881.2,2.2,22,9.2,99.47,0.0
A001,29/01/2018,07,19.9,19.9,19.7,89,89,88,18.0,18.0,17.8,883.5,883.6,883.4,2.0,331,3.8,-2.49,0.0
A001,29/01/2018,12,22.9,23.8,21.6,71,82,69,17.4,18.7,17.4,885.3,885.3,885.0,3.1,351,6.2,1983.,0.0
A001,29/01/2018,13,23.4,24.0,22.7,68,75,67,17.1,18.5,17.1,885.5,885.5,885.3,2.7,329,5.2,1676.,0.0
A001,29/01/2018,04,20.0,20.3,19.9,85,85,84,17.4,17.5,17.2,884.4,884.6,884.4,1.2,303,3.1,-2.17,0.0
A001,30/01/2018,20,24.6,24.7,24.3,65,66,57,17.6,17.9,15.3,881.0,881.1,880.9,3.0,324,9.7,598.4,0.0
A001,30/01/2018,02,20.0,20.2,19.9,89,90,89,18.2,18.3,18.2,884.8,884.9,884.5,2.2,331,4.0,-3.50,0.0
A001,30/01/2018,03,19.6,20.0,19.6,86,89,86,17.3,18.2,17.3,884.3,884.8,884.3,2.6,326,4.2,-3.54,0.0
A001,30/01/2018,04,19.3,19.6,19.3,88,88,86,17.2,17.3,17.1,883.7,884.3,883.7,2.0,324,4.2,-3.54,0.0
A001,30/01/2018,05,19.2,19.3,19.1,89,89,88,17.4,17.4,17.3,883.1,883.8,883.1,2.0,326,4.1,-3.49,0.0
A001,30/01/2018,06,19.1,19.2,19.1,89,89,89,17.3,17.4,17.3,882.8,883.1,882.8,1.0,302,4.0,-3.43,0.0
A001,30/01/2018,07,19.3,19.4,19.0,88,90,87,17.2,17.4,17.2,882.4,882.8,882.4,1.1,300,2.8,-3.46,0.0
A001,30/01/2018,08,19.0,19.3,18.8,90,91,88,17.4,17.4,17.1,882.7,882.7,882.3,1.3,17,2.3,-3.53,0.0
A001,30/01/2018,09,18.7,19.0,18.7,90,90,90,17.1,17.4,17.1,883.2,883.2,882.7,0.5,341,2.4,-3.33,0.0
A001,30/01/2018,10,19.8,19.8,18.6,87,91,87,17.5,17.5,17.1,883.5,883.5,883.2,1.2,315,2.3,166.2,0.0
A001,30/01/2018,11,21.1,21.1,19.8,79,87,79,17.3,17.7,17.1,884.1,884.1,883.5,1.4,303,3.1,652.4,0.0
A001,30/01/2018,12,22.5,22.7,21.1,72,79,71,17.3,17.8,17.0,884.6,884.6,884.1,2.4,297,4.6,1176.,0.0
A001,30/01/2018,13,24.8,25.2,22.5,60,74,59,16.5,18.0,16.5,884.6,884.7,884.5,2.9,335,5.3,1902.,0.2
A001,30/01/2018,14,25.3,25.7,24.8,57,62,56,16.2,17.3,16.0,884.6,884.6,884.5,3.1,309,6.3,1978.,0.0
A001,30/01/2018,15,25.6,26.0,25.3,56,61,55,16.3,17.6,16.0,884.3,884.6,884.3,3.3,301,6.8,2252.,0.0
A001,30/01/2018,16,27.5,28.1,25.6,54,60,49,17.2,18.2,16.1,883.3,884.3,883.3,3.1,323,6.8,3043.,0.0
A001,30/01/2018,17,27.0,28.1,25.9,56,61,51,17.4,19.0,16.1,882.0,883.3,882.0,3.1,326,8.1,2556.,0.0
A001,30/01/2018,18,27.3,28.2,26.2,56,57,46,17.8,17.8,15.2,881.0,882.0,881.0,3.2,318,8.3,2256.,0.0
A001,30/01/2018,19,24.7,28.5,24.7,62,62,50,16.8,18.1,16.1,880.9,881.0,880.6,5.7,331,9.7,1391.,0.0
A001,30/01/2018,21,24.2,24.7,24.2,69,69,64,18.1,18.3,17.5,881.0,881.1,880.9,2.2,332,5.3,330.7,0.0
A001,30/01/2018,00,20.1,20.1,19.9,90,90,89,18.3,18.4,18.1,883.5,883.5,882.6,2.2,304,4.6,-3.38,0.0
A001,30/01/2018,23,21.7,22.7,21.6,76,79,74,17.4,18.1,17.4,883.2,883.2,882.4,1.0,245,3.6,-3.54,0.0
A001,30/01/2018,01,20.2,20.2,20.1,89,90,89,18.3,18.4,18.2,884.5,884.5,883.5,2.0,350,4.6,-3.34,0.0
A001,30/01/2018,22,22.6,24.2,22.6,75,75,68,17.9,18.6,17.9,882.4,882.5,881.0,1.9,307,6.2,81.96,0.0
A001,31/01/2018,08,19.6,19.9,19.6,90,90,88,17.9,18.0,17.7,883.3,883.3,883.0,0.9,252,3.6,-2.73,0.0
A001,31/01/2018,21,23.8,24.1,23.7,68,71,65,17.6,18.2,16.9,882.2,882.2,881.6,2.8,325,6.9,422.5,0.0
A001,31/01/2018,13,23.9,24.0,22.8,71,76,70,18.3,18.9,18.0,885.2,885.2,885.0,2.9,324,5.4,1455.,0.0
A001,31/01/2018,09,19.6,19.8,19.6,90,90,90,17.9,18.1,17.9,883.4,883.4,883.1,1.0,294,2.0,-2.90,0.0
A001,31/01/2018,14,24.7,25.5,23.9,66,72,64,18.0,18.7,17.7,885.4,885.4,885.2,3.3,305,6.6,1856.,0.0
A001,31/01/2018,23,21.0,22.4,21.0,87,87,75,18.8,18.9,17.7,883.7,883.8,882.8,3.2,343,7.1,-2.16,0.6
A001,31/01/2018,10,20.5,20.6,19.5,87,91,87,18.3,18.5,17.9,884.0,884.0,883.4,1.3,316,2.0,216.4,0.0
A001,31/01/2018,18,27.2,28.2,26.1,54,60,49,17.1,18.6,16.3,882.4,883.1,882.3,4.2,295,8.3,3331.,0.0
A001,31/01/2018,03,20.4,20.9,20.4,84,84,80,17.6,17.7,17.2,884.6,884.7,884.6,0.6,129,4.7,-3.53,0.0
A001,31/01/2018,19,25.3,27.8,24.0,65,74,53,18.2,19.6,16.7,881.9,882.4,881.9,4.4,325,10.9,1584.,0.0
A001,31/01/2018,02,20.9,21.0,20.7,80,83,80,17.3,17.9,17.2,884.6,884.6,884.3,2.4,270,4.3,-3.54,0.0
A001,31/01/2018,01,21.0,22.1,21.0,82,82,79,17.8,18.4,17.7,884.3,884.3,883.9,1.7,284,5.3,-3.12,0.0
A001,31/01/2018,11,21.4,21.4,20.4,83,87,83,18.3,18.7,18.1,884.8,884.8,884.0,1.4,278,3.6,572.3,0.0
A001,31/01/2018,04,20.4,20.6,20.3,86,87,84,18.0,18.0,17.6,884.2,884.6,884.1,0.6,332,1.3,-2.58,0.0
A001,31/01/2018,16,25.7,26.2,20.1,65,90,65,18.7,20.4,17.4,883.9,885.1,883.9,3.1,291,8.4,2249.,5.8
A001,31/01/2018,15,21.4,25.2,21.4,80,80,63,17.7,18.7,17.5,885.1,885.4,884.8,3.4,268,8.4,1216.,2.6
A001,31/01/2018,05,20.3,20.7,20.1,85,87,83,17.8,18.1,17.7,883.9,884.2,883.9,1.0,18,1.9,-2.23,0.0
A001,31/01/2018,22,22.4,23.8,22.4,75,75,67,17.7,17.7,16.9,882.8,882.8,882.2,3.7,334,7.1,34.60,0.0
A001,31/01/2018,12,22.9,23.3,21.2,74,85,73,18.1,19.0,17.8,885.1,885.3,884.8,2.2,295,5.4,1138.,0.0
A001,31/01/2018,06,20.0,20.3,20.0,86,87,85,17.6,17.9,17.6,883.4,884.0,883.4,1.3,300,2.6,-3.48,0.0
A001,31/01/2018,17,26.1,27.7,25.3,58,68,54,17.2,19.6,16.7,883.1,883.9,883.1,3.7,301,8.3,3063.,0.0
A001,31/01/2018,07,19.8,20.0,19.8,88,88,86,17.7,17.8,17.5,883.0,883.4,882.9,1.1,272,3.6,-3.33,0.0
A001,31/01/2018,20,23.9,25.3,22.2,67,78,65,17.4,19.0,17.3,881.8,882.2,881.7,3.2,316,11.4,800.0,0.0
A001,31/01/2018,00,22.1,22.3,21.7,79,79,74,18.3,18.3,17.2,884.0,884.0,883.1,2.1,280,4.3,-3.35,0.0